instance,job,s,f
0,0,15,18
0,1,2,6
0,2,35,40
0,3,1,6
1,0,49,51
1,1,32,36
1,2,73,75
1,3,41,46
1,4,69,73
1,5,14,17
1,6,18,19
1,7,62,66
2,0,54,55
2,1,36,38
2,2,23,24
2,3,19,24
2,4,76,77
2,5,45,50
2,6,63,66
2,7,79,80
3,0,28,33
3,1,8,9
3,2,159,163
3,3,99,104
3,4,76,80
3,5,78,80
3,6,108,110
3,7,0,1
3,8,140,145
3,9,37,40
3,10,151,156
3,11,38,39
3,12,58,63
3,13,11,16
3,14,162,163
3,15,137,142
3,16,164,169
4,0,2,3
4,1,56,57
4,2,32,35
4,3,33,34
4,4,29,30
4,5,5,10
5,0,99,104
5,1,46,50
5,2,108,113
5,3,77,80
5,4,80,84
5,5,112,113
5,6,106,111
5,7,139,144
5,8,60,61
5,9,96,101
5,10,150,152
5,11,123,128
5,12,90,93
5,13,145,147
5,14,81,85
5,15,38,42
6,0,67,72
6,1,0,1
6,2,49,54
6,3,21,25
6,4,22,23
6,5,7,12
6,6,39,41
7,0,78,80
7,1,21,26
7,2,53,57
7,3,59,60
7,4,46,49
7,5,12,17
7,6,49,51
7,7,52,53
8,0,140,141
8,1,136,141
8,2,74,75
8,3,107,108
8,4,29,32
8,5,136,137
8,6,34,35
8,7,28,32
8,8,93,98
8,9,114,115
8,10,142,146
8,11,19,21
8,12,11,14
8,13,89,94
8,14,83,88
9,0,62,65
9,1,99,103
9,2,4,6
9,3,54,55
9,4,54,59
9,5,122,125
9,6,110,113
9,7,69,74
9,8,135,136
9,9,17,19
9,10,75,79
9,11,31,33
9,12,38,43
9,13,12,17
10,0,27,28
10,1,41,46
10,2,104,107
10,3,81,84
10,4,8,12
10,5,137,140
10,6,136,137
10,7,53,58
10,8,138,139
10,9,41,46
10,10,125,128
10,11,37,38
10,12,83,87
10,13,128,131
10,14,94,95
11,0,91,92
11,1,129,131
11,2,118,120
11,3,90,94
11,4,76,77
11,5,33,38
11,6,4,6
11,7,38,43
11,8,114,119
11,9,72,74
11,10,1,4
11,11,89,94
11,12,81,84
12,0,54,59
12,1,125,126
12,2,41,44
12,3,77,82
12,4,118,120
12,5,88,93
12,6,107,109
12,7,91,95
12,8,124,129
12,9,84,86
12,10,75,76
12,11,48,53
12,12,117,121
13,0,91,93
13,1,137,141
13,2,19,24
13,3,59,62
13,4,98,103
13,5,87,89
13,6,34,37
13,7,73,75
13,8,103,105
13,9,138,143
13,10,65,69
13,11,1,2
13,12,6,7
13,13,71,73
13,14,107,112
14,0,3,7
14,1,25,26
14,2,4,9
14,3,22,26
15,0,71,74
15,1,72,73
15,2,143,146
15,3,125,126
15,4,48,53
15,5,144,149
15,6,17,20
15,7,91,92
15,8,55,59
15,9,43,45
15,10,134,136
15,11,61,66
15,12,74,78
15,13,104,106
15,14,120,122
16,0,2,4
16,1,59,63
16,2,10,15
16,3,59,62
16,4,9,13
16,5,32,37
16,6,38,39
16,7,46,49
17,0,7,9
17,1,9,10
17,2,36,38
17,3,19,22
17,4,17,19
18,0,19,24
18,1,122,127
18,2,110,111
18,3,94,96
18,4,122,127
18,5,50,51
18,6,95,98
18,7,63,68
18,8,154,157
18,9,47,50
18,10,152,157
18,11,71,72
18,12,2,5
18,13,5,8
18,14,57,59
18,15,177,180
18,16,2,6
18,17,40,44
19,0,68,73
19,1,20,25
19,2,33,36
19,3,69,74
19,4,16,20
19,5,76,77
19,6,17,22
19,7,32,36
19,8,54,57
20,0,26,31
20,1,3,5
20,2,9,10
20,3,78,81
20,4,11,15
20,5,33,37
20,6,42,44
20,7,72,76
21,0,13,15
21,1,26,27
21,2,5,7
21,3,2,4
22,0,40,45
22,1,21,26
22,2,57,58
22,3,4,6
22,4,41,43
22,5,49,53
23,0,25,30
23,1,178,180
23,2,165,168
23,3,163,166
23,4,24,25
23,5,32,33
23,6,155,160
23,7,105,109
23,8,6,7
23,9,146,147
23,10,47,52
23,11,163,166
23,12,133,134
23,13,65,66
23,14,48,51
23,15,22,25
23,16,143,148
23,17,97,102
24,0,30,31
24,1,38,41
24,2,74,79
24,3,137,139
24,4,59,61
24,5,104,106
24,6,127,128
24,7,149,154
24,8,116,120
24,9,149,154
24,10,80,81
24,11,151,155
24,12,117,122
24,13,16,21
24,14,18,23
24,15,108,110
25,0,7,9
25,1,84,87
25,2,123,125
25,3,83,88
25,4,1,3
25,5,87,88
25,6,66,71
25,7,94,95
25,8,123,128
25,9,59,62
25,10,104,107
25,11,105,106
25,12,15,19
25,13,51,53
25,14,104,105
26,0,80,85
26,1,127,131
26,2,66,71
26,3,98,99
26,4,100,102
26,5,18,21
26,6,109,113
26,7,41,44
26,8,59,63
26,9,66,71
26,10,20,21
26,11,110,115
26,12,134,135
26,13,8,11
27,0,7,11
27,1,0,1
27,2,20,24
27,3,22,27
27,4,41,43
27,5,67,69
27,6,36,38
28,0,46,49
28,1,2,7
28,2,40,41
28,3,12,14
28,4,99,100
28,5,62,65
28,6,106,110
28,7,80,85
28,8,31,35
28,9,96,100
28,10,77,78
29,0,72,75
29,1,21,26
29,2,55,56
29,3,31,34
29,4,49,51
29,5,23,28
29,6,5,8
29,7,45,47
30,0,45,50
30,1,59,62
30,2,82,87
30,3,52,55
30,4,65,70
30,5,52,56
30,6,23,27
30,7,92,97
30,8,33,35
30,9,8,13
30,10,19,24
30,11,85,86
30,12,124,129
31,0,39,40
31,1,20,25
31,2,28,31
31,3,6,11
32,0,70,71
32,1,69,71
32,2,55,56
32,3,76,77
32,4,8,13
32,5,88,89
32,6,73,77
32,7,39,40
32,8,64,65
33,0,122,124
33,1,99,103
33,2,19,21
33,3,40,41
33,4,112,113
33,5,22,23
33,6,45,46
33,7,26,29
33,8,104,106
33,9,77,78
33,10,46,48
33,11,85,88
33,12,127,129
33,13,27,30
34,0,83,84
34,1,25,29
34,2,118,123
34,3,76,80
34,4,122,125
34,5,17,19
34,6,27,28
34,7,38,40
34,8,40,42
34,9,103,105
34,10,106,109
34,11,100,105
34,12,60,61
34,13,114,116
34,14,26,29
34,15,126,131
35,0,32,36
35,1,26,31
35,2,5,10
35,3,32,35
36,0,94,97
36,1,27,28
36,2,13,18
36,3,111,114
36,4,78,79
36,5,100,101
36,6,48,50
36,7,60,62
36,8,37,40
36,9,49,53
36,10,79,81
36,11,107,112
36,12,100,102
36,13,146,150
36,14,24,29
37,0,33,38
37,1,28,31
37,2,0,4
37,3,43,47
37,4,47,51
37,5,3,6
37,6,1,3
37,7,60,65
38,0,19,22
38,1,6,10
38,2,17,20
38,3,2,5
38,4,25,27
39,0,58,60
39,1,38,39
39,2,73,75
39,3,81,82
39,4,47,52
39,5,60,65
39,6,60,65
39,7,80,83
39,8,96,99
39,9,29,34
40,0,45,50
40,1,58,61
40,2,13,17
40,3,34,37
40,4,23,26
40,5,24,26
41,0,82,83
41,1,4,6
41,2,82,83
41,3,32,36
41,4,68,71
41,5,20,24
41,6,80,84
41,7,56,60
41,8,41,45
41,9,99,100
41,10,111,116
41,11,101,104
41,12,124,129
42,0,77,78
42,1,21,24
42,2,37,42
42,3,70,71
42,4,62,67
42,5,52,57
42,6,117,119
42,7,109,112
42,8,141,145
42,9,128,129
42,10,144,149
42,11,46,47
42,12,49,53
42,13,16,19
42,14,131,134
43,0,53,58
43,1,35,40
43,2,54,57
43,3,4,7
43,4,63,66
43,5,36,37
43,6,75,76
43,7,89,93
43,8,12,15
43,9,83,86
43,10,63,66
43,11,25,30
44,0,59,61
44,1,44,48
44,2,51,54
44,3,20,23
44,4,8,9
44,5,43,44
44,6,23,26
44,7,77,80
45,0,3,8
45,1,22,26
45,2,2,6
45,3,37,42
45,4,96,98
45,5,121,126
45,6,82,85
45,7,65,66
45,8,93,98
45,9,25,29
45,10,111,116
45,11,86,89
45,12,80,83
45,13,127,128
46,0,9,14
46,1,48,53
46,2,44,48
46,3,17,18
46,4,13,16
46,5,7,8
46,6,83,88
46,7,52,54
46,8,80,82
46,9,54,55
47,0,9,10
47,1,16,18
47,2,37,42
47,3,30,34
48,0,41,42
48,1,34,39
48,2,29,31
48,3,26,28
48,4,13,18
49,0,39,43
49,1,34,37
49,2,22,24
49,3,61,66
49,4,28,32
49,5,39,40
49,6,48,49
49,7,69,74
50,0,0,3
50,1,35,39
50,2,15,17
50,3,4,6
51,0,20,25
51,1,55,60
51,2,43,48
51,3,12,14
51,4,21,25
51,5,23,27
52,0,105,106
52,1,16,18
52,2,48,53
52,3,89,93
52,4,75,76
52,5,136,139
52,6,110,115
52,7,100,103
52,8,10,14
52,9,19,22
52,10,84,86
52,11,23,28
52,12,121,124
52,13,136,137
53,0,55,60
53,1,46,50
53,2,136,140
53,3,136,141
53,4,18,19
53,5,51,55
53,6,133,136
53,7,56,59
53,8,103,107
53,9,150,153
53,10,81,86
53,11,11,16
53,12,22,27
53,13,152,154
53,14,15,18
53,15,25,29
54,0,13,16
54,1,40,42
54,2,27,29
54,3,29,34
54,4,43,48
55,0,10,11
55,1,13,15
55,2,55,59
55,3,54,58
55,4,52,55
55,5,11,13
56,0,52,54
56,1,1,3
56,2,49,52
56,3,38,42
56,4,35,37
56,5,50,54
56,6,11,15
57,0,121,123
57,1,18,23
57,2,102,104
57,3,60,61
57,4,137,142
57,5,96,101
57,6,121,123
57,7,79,80
57,8,36,41
57,9,84,87
57,10,10,15
57,11,37,40
57,12,53,58
57,13,0,2
58,0,48,49
58,1,21,22
58,2,58,63
58,3,3,5
58,4,6,9
58,5,41,45
59,0,63,65
59,1,8,12
59,2,120,125
59,3,110,112
59,4,82,85
59,5,66,68
59,6,115,117
59,7,128,131
59,8,28,33
59,9,105,109
59,10,131,135
59,11,43,47
59,12,70,74
59,13,104,107
60,0,68,72
60,1,17,20
60,2,12,13
60,3,66,68
60,4,11,12
60,5,57,62
60,6,28,33
61,0,60,64
61,1,91,92
61,2,3,4
61,3,46,47
61,4,53,58
61,5,75,76
61,6,48,53
61,7,25,30
61,8,46,47
61,9,54,56
61,10,59,61
62,0,19,20
62,1,34,37
62,2,4,6
62,3,3,5
63,0,92,96
63,1,94,99
63,2,108,110
63,3,60,63
63,4,54,57
63,5,31,32
63,6,78,82
63,7,93,94
63,8,3,5
63,9,42,45
63,10,66,70
64,0,13,16
64,1,34,36
64,2,47,51
64,3,74,76
64,4,39,41
64,5,60,62
64,6,53,57
64,7,34,35
64,8,11,14
65,0,63,64
65,1,20,22
65,2,106,110
65,3,71,75
65,4,20,24
65,5,28,33
65,6,90,95
65,7,52,56
65,8,126,131
65,9,112,116
65,10,100,104
65,11,17,21
65,12,30,32
66,0,75,77
66,1,143,145
66,2,83,84
66,3,89,90
66,4,93,98
66,5,143,146
66,6,106,108
66,7,91,94
66,8,25,27
66,9,90,91
66,10,66,67
66,11,28,31
66,12,5,7
66,13,129,134
66,14,76,80
66,15,141,145
67,0,122,124
67,1,11,13
67,2,28,32
67,3,143,145
67,4,28,31
67,5,72,76
67,6,155,157
67,7,40,42
67,8,101,106
67,9,166,167
67,10,90,91
67,11,123,128
67,12,157,159
67,13,175,176
67,14,136,140
67,15,56,59
67,16,33,36
67,17,129,134
68,0,36,38
68,1,35,40
68,2,25,28
68,3,3,6
68,4,2,3
69,0,94,99
69,1,56,61
69,2,48,49
69,3,28,30
69,4,18,19
69,5,125,128
69,6,130,132
69,7,98,100
69,8,11,12
69,9,151,154
69,10,80,82
69,11,36,40
69,12,41,46
69,13,6,8
69,14,47,49
69,15,91,92
69,16,35,36
70,0,12,14
70,1,15,20
70,2,28,32
70,3,29,32
70,4,67,69
70,5,14,16
70,6,63,65
71,0,57,61
71,1,22,24
71,2,57,61
71,3,2,7
71,4,57,61
71,5,36,37
71,6,12,17
71,7,16,17
71,8,42,46
71,9,52,54
71,10,68,72
72,0,20,22
72,1,20,22
72,2,51,56
72,3,42,47
72,4,54,58
72,5,42,46
72,6,35,37
73,0,48,53
73,1,30,35
73,2,12,14
73,3,27,29
73,4,13,16
74,0,24,25
74,1,66,68
74,2,136,140
74,3,21,24
74,4,136,138
74,5,47,50
74,6,123,126
74,7,51,52
74,8,104,108
74,9,3,6
74,10,116,118
74,11,92,95
74,12,34,37
74,13,72,74
74,14,153,156
74,15,143,146
75,0,7,10
75,1,49,53
75,2,38,40
75,3,82,86
75,4,96,97
75,5,81,85
75,6,72,76
75,7,19,20
75,8,55,58
75,9,98,99
75,10,2,6
75,11,25,30
75,12,81,83
75,13,79,81
75,14,53,57
75,15,155,158
75,16,32,35
76,0,124,127
76,1,29,32
76,2,130,133
76,3,1,4
76,4,112,115
76,5,14,19
76,6,104,107
76,7,57,62
76,8,52,56
76,9,79,81
76,10,119,121
76,11,6,9
76,12,44,48
76,13,82,84
77,0,72,76
77,1,57,62
77,2,35,40
77,3,56,59
77,4,74,77
77,5,12,13
77,6,45,47
77,7,6,8
77,8,95,97
77,9,26,29
77,10,44,49
78,0,62,67
78,1,34,37
78,2,8,11
78,3,58,62
78,4,29,34
78,5,51,53
78,6,26,27
79,0,65,69
79,1,57,61
79,2,152,157
79,3,23,26
79,4,112,115
79,5,43,46
79,6,78,82
79,7,77,79
79,8,49,51
79,9,25,27
79,10,70,74
79,11,5,9
79,12,33,37
79,13,13,16
79,14,128,133
79,15,118,122
79,16,142,143
79,17,175,177
80,0,96,98
80,1,69,71
80,2,92,95
80,3,30,34
80,4,48,52
80,5,30,33
80,6,28,33
80,7,99,103
80,8,23,24
80,9,16,19
81,0,14,15
81,1,47,52
81,2,6,8
81,3,22,25
81,4,33,35
81,5,18,22
81,6,67,69
82,0,55,59
82,1,32,34
82,2,86,90
82,3,107,110
82,4,115,116
82,5,77,78
82,6,60,65
82,7,15,19
82,8,54,55
82,9,4,7
82,10,59,60
82,11,18,20
82,12,91,93
83,0,80,81
83,1,2,4
83,2,47,52
83,3,80,84
83,4,112,116
83,5,24,26
83,6,99,103
83,7,91,96
83,8,119,121
83,9,116,117
83,10,97,99
83,11,43,45
83,12,2,4
83,13,144,145
83,14,60,62
84,0,25,27
84,1,127,130
84,2,76,77
84,3,67,68
84,4,82,87
84,5,127,131
84,6,127,129
84,7,50,55
84,8,44,47
84,9,125,128
84,10,130,132
84,11,94,99
84,12,152,157
84,13,10,13
84,14,9,14
84,15,50,51
84,16,158,161
85,0,97,100
85,1,54,56
85,2,57,58
85,3,2,6
85,4,79,84
85,5,140,144
85,6,141,145
85,7,76,77
85,8,39,41
85,9,19,20
85,10,48,50
85,11,36,38
85,12,90,93
85,13,36,41
85,14,29,30
85,15,154,157
86,0,16,19
86,1,34,39
86,2,1,4
86,3,0,5
86,4,32,34
87,0,65,67
87,1,93,97
87,2,72,74
87,3,137,142
87,4,118,123
87,5,19,22
87,6,103,107
87,7,8,12
87,8,14,16
87,9,78,82
87,10,32,36
87,11,30,31
87,12,0,1
87,13,132,133
87,14,11,14
88,0,57,62
88,1,41,46
88,2,49,51
88,3,47,51
88,4,59,64
88,5,9,14
88,6,19,20
89,0,4,5
89,1,44,49
89,2,1,6
89,3,46,49
89,4,19,20
90,0,88,93
90,1,116,117
90,2,60,64
90,3,123,124
90,4,160,161
90,5,20,22
90,6,84,87
90,7,15,20
90,8,109,110
90,9,116,119
90,10,60,61
90,11,150,155
90,12,118,120
90,13,51,52
90,14,47,52
90,15,13,14
90,16,117,122
91,0,26,29
91,1,5,10
91,2,39,43
91,3,13,17
92,0,62,67
92,1,90,91
92,2,9,12
92,3,1,4
92,4,69,73
92,5,63,66
92,6,27,29
92,7,73,75
92,8,32,36
92,9,88,89
92,10,43,45
93,0,60,61
93,1,66,69
93,2,122,125
93,3,89,90
93,4,31,33
93,5,106,108
93,6,64,65
93,7,43,48
93,8,127,129
93,9,78,81
93,10,38,40
93,11,130,131
93,12,131,136
93,13,125,128
93,14,146,148
93,15,8,13
93,16,117,120
93,17,84,88
94,0,107,108
94,1,100,101
94,2,66,71
94,3,69,73
94,4,81,86
94,5,126,128
94,6,73,76
94,7,46,49
94,8,106,110
94,9,57,58
94,10,68,73
94,11,74,79
94,12,9,12
94,13,42,46
95,0,18,20
95,1,12,16
95,2,47,51
95,3,1,4
95,4,31,36
96,0,46,51
96,1,43,45
96,2,1,4
96,3,75,80
96,4,57,62
96,5,35,39
96,6,35,40
96,7,61,63
96,8,46,48
97,0,102,103
97,1,138,142
97,2,93,97
97,3,128,133
97,4,13,14
97,5,47,50
97,6,13,18
97,7,20,22
97,8,55,58
97,9,90,95
97,10,14,19
97,11,138,140
97,12,71,72
97,13,125,128
98,0,122,123
98,1,100,102
98,2,67,70
98,3,5,9
98,4,108,113
98,5,115,116
98,6,81,83
98,7,89,93
98,8,12,15
98,9,35,37
98,10,99,104
98,11,2,4
98,12,36,38
99,0,119,121
99,1,85,90
99,2,111,115
99,3,43,46
99,4,118,121
99,5,15,17
99,6,69,72
99,7,80,82
99,8,115,118
99,9,52,53
99,10,42,45
99,11,44,48
100,0,74,78
100,1,52,54
100,2,22,27
100,3,78,82
100,4,88,90
100,5,38,42
100,6,17,21
100,7,103,105
100,8,15,19
100,9,14,16
100,10,8,10
101,0,31,36
101,1,48,49
101,2,11,13
101,3,25,26
101,4,116,120
101,5,48,50
101,6,126,129
101,7,28,30
101,8,22,27
101,9,118,123
101,10,128,131
101,11,26,27
101,12,29,32
102,0,55,57
102,1,68,70
102,2,65,70
102,3,36,37
102,4,49,54
102,5,40,41
102,6,24,26
103,0,60,65
103,1,12,16
103,2,43,44
103,3,69,70
103,4,43,44
103,5,26,30
103,6,76,81
103,7,9,10
104,0,65,69
104,1,76,81
104,2,96,98
104,3,81,84
104,4,19,24
104,5,89,92
104,6,4,9
104,7,25,27
104,8,87,91
104,9,98,101
105,0,7,11
105,1,125,128
105,2,126,130
105,3,114,117
105,4,106,110
105,5,94,95
105,6,94,96
105,7,123,127
105,8,88,92
105,9,0,3
105,10,97,99
105,11,83,87
105,12,96,99
106,0,24,26
106,1,13,14
106,2,30,32
106,3,19,23
107,0,31,33
107,1,33,36
107,2,17,19
107,3,15,17
107,4,86,88
107,5,42,46
107,6,74,78
107,7,89,90
107,8,71,74
107,9,70,74
108,0,81,83
108,1,52,55
108,2,116,119
108,3,55,58
108,4,75,79
108,5,97,100
108,6,118,123
108,7,36,40
108,8,1,2
108,9,0,5
108,10,10,12
108,11,89,90
109,0,95,97
109,1,89,91
109,2,47,49
109,3,26,28
109,4,34,36
109,5,26,30
109,6,94,97
109,7,14,19
109,8,5,8
109,9,108,110
109,10,57,61
110,0,19,21
110,1,18,23
110,2,43,45
110,3,7,9
110,4,3,4
111,0,25,29
111,1,17,19
111,2,91,95
111,3,95,100
111,4,63,64
111,5,70,74
111,6,81,84
111,7,67,68
111,8,1,2
111,9,118,122
111,10,84,88
111,11,110,114
112,0,53,54
112,1,48,52
112,2,65,67
112,3,66,67
112,4,44,48
112,5,74,78
112,6,113,118
112,7,13,16
112,8,130,133
112,9,92,97
112,10,113,118
112,11,40,42
112,12,22,27
112,13,133,136
113,0,39,41
113,1,70,73
113,2,55,60
113,3,45,47
113,4,76,80
113,5,74,77
113,6,53,58
113,7,16,17
114,0,9,13
114,1,13,14
114,2,55,58
114,3,32,33
114,4,22,27
114,5,2,3
114,6,20,23
114,7,9,11
115,0,71,76
115,1,1,3
115,2,71,74
115,3,11,16
115,4,15,18
115,5,79,82
115,6,81,82
115,7,21,24
115,8,79,82
115,9,12,13
116,0,31,36
116,1,37,38
116,2,35,38
116,3,86,91
116,4,16,17
116,5,70,74
116,6,10,13
116,7,81,82
116,8,38,39
116,9,21,25
116,10,46,49
116,11,67,68
116,12,36,38
117,0,56,58
117,1,76,79
117,2,130,135
117,3,98,103
117,4,153,157
117,5,127,128
117,6,10,12
117,7,104,107
117,8,147,148
117,9,59,64
117,10,129,133
117,11,31,36
117,12,128,129
117,13,88,89
117,14,71,72
117,15,2,6
117,16,125,126
118,0,55,58
118,1,74,75
118,2,64,68
118,3,40,45
118,4,56,57
118,5,35,39
118,6,61,65
118,7,57,58
119,0,134,138
119,1,104,105
119,2,41,43
119,3,81,83
119,4,99,104
119,5,98,102
119,6,90,91
119,7,99,104
119,8,107,111
119,9,0,1
119,10,152,157
119,11,10,13
119,12,87,88
119,13,32,37
119,14,48,51
119,15,40,44
120,0,16,21
120,1,7,9
120,2,44,47
120,3,16,17
120,4,33,38
121,0,48,49
121,1,29,32
121,2,35,38
121,3,25,27
121,4,74,75
121,5,4,8
121,6,74,79
121,7,92,95
121,8,94,98
121,9,44,48
121,10,25,30
122,0,121,125
122,1,34,39
122,2,117,121
122,3,77,80
122,4,68,73
122,5,143,147
122,6,15,16
122,7,41,43
122,8,117,122
122,9,148,153
122,10,137,139
122,11,105,109
122,12,156,161
122,13,18,23
122,14,85,89
122,15,154,159
123,0,21,24
123,1,42,45
123,2,48,53
123,3,31,34
123,4,48,49
123,5,56,57
124,0,8,12
124,1,35,36
124,2,12,17
124,3,43,48
124,4,74,77
124,5,105,107
124,6,70,73
124,7,5,8
124,8,11,14
124,9,15,16
124,10,33,37
124,11,114,119
124,12,108,110
125,0,93,98
125,1,98,100
125,2,61,66
125,3,44,46
125,4,69,74
125,5,125,126
125,6,63,64
125,7,35,37
125,8,82,85
125,9,20,24
125,10,113,117
125,11,157,158
125,12,110,114
125,13,15,19
125,14,11,16
125,15,135,136
125,16,147,149
126,0,55,59
126,1,22,25
126,2,27,29
126,3,65,68
126,4,14,16
126,5,45,46
126,6,86,89
126,7,76,78
126,8,31,33
127,0,55,58
127,1,15,18
127,2,30,35
127,3,25,27
127,4,4,8
127,5,79,80
127,6,31,34
127,7,6,7
128,0,16,20
128,1,133,136
128,2,57,61
128,3,64,65
128,4,48,49
128,5,75,80
128,6,139,141
128,7,81,82
128,8,112,113
128,9,86,87
128,10,13,16
128,11,54,59
128,12,10,12
128,13,57,61
129,0,48,53
129,1,42,43
129,2,70,75
129,3,8,9
129,4,38,43
129,5,39,41
129,6,90,93
129,7,46,49
129,8,13,15
129,9,56,58
130,0,35,36
130,1,14,17
130,2,3,6
130,3,22,27
130,4,19,23
131,0,107,112
131,1,44,46
131,2,7,12
131,3,9,13
131,4,168,173
131,5,138,141
131,6,104,108
131,7,86,87
131,8,123,127
131,9,131,133
131,10,164,169
131,11,124,129
131,12,146,150
131,13,98,101
131,14,135,136
131,15,124,125
131,16,88,90
132,0,24,29
132,1,34,38
132,2,78,80
132,3,102,103
132,4,49,51
132,5,114,116
132,6,119,122
132,7,47,50
132,8,42,46
132,9,98,100
132,10,99,103
132,11,124,125
132,12,57,61
133,0,25,30
133,1,39,42
133,2,33,35
133,3,58,63
133,4,52,57
133,5,52,57
134,0,83,88
134,1,42,45
134,2,53,57
134,3,122,123
134,4,76,77
134,5,135,136
134,6,80,83
134,7,99,101
134,8,115,116
134,9,99,101
134,10,122,126
134,11,14,16
134,12,4,8
134,13,122,123
134,14,12,16
134,15,49,52
135,0,88,91
135,1,76,81
135,2,1,3
135,3,46,47
135,4,74,79
135,5,73,74
135,6,53,58
135,7,59,63
135,8,42,46
136,0,12,16
136,1,4,9
136,2,34,35
136,3,45,47
136,4,7,8
137,0,69,73
137,1,177,178
137,2,134,135
137,3,87,92
137,4,73,75
137,5,53,58
137,6,7,11
137,7,109,110
137,8,161,165
137,9,132,136
137,10,98,103
137,11,29,34
137,12,16,19
137,13,116,121
137,14,132,137
137,15,96,97
137,16,3,6
137,17,73,74
138,0,34,36
138,1,33,35
138,2,82,87
138,3,24,28
138,4,101,104
138,5,104,108
138,6,80,84
138,7,22,25
138,8,14,15
138,9,46,48
138,10,74,77
139,0,131,135
139,1,81,84
139,2,123,128
139,3,57,60
139,4,146,150
139,5,83,84
139,6,1,5
139,7,156,157
139,8,105,110
139,9,49,51
139,10,54,55
139,11,140,141
139,12,84,85
139,13,120,124
139,14,10,13
139,15,120,123
139,16,73,75
140,0,174,176
140,1,29,32
140,2,69,74
140,3,100,102
140,4,91,94
140,5,27,28
140,6,35,36
140,7,92,96
140,8,37,38
140,9,14,18
140,10,85,87
140,11,53,57
140,12,24,26
140,13,169,171
140,14,171,172
140,15,45,50
140,16,167,169
140,17,20,25
141,0,59,61
141,1,3,8
141,2,1,5
141,3,116,120
141,4,107,112
141,5,87,91
141,6,14,19
141,7,79,84
141,8,85,90
141,9,118,122
141,10,13,15
141,11,121,123
141,12,81,83
141,13,84,85
142,0,92,93
142,1,35,37
142,2,129,133
142,3,153,157
142,4,10,14
142,5,106,109
142,6,37,38
142,7,136,141
142,8,27,29
142,9,62,65
142,10,144,149
142,11,7,9
142,12,166,170
142,13,67,69
142,14,134,137
142,15,58,63
142,16,130,134
143,0,3,7
143,1,156,159
143,2,52,56
143,3,103,106
143,4,131,132
143,5,125,129
143,6,90,93
143,7,26,31
143,8,132,133
143,9,91,92
143,10,9,11
143,11,76,78
143,12,144,147
143,13,142,145
143,14,103,104
143,15,2,3
143,16,153,155
144,0,3,4
144,1,27,29
144,2,30,33
144,3,29,32
145,0,10,12
145,1,131,132
145,2,41,45
145,3,26,30
145,4,76,77
145,5,20,21
145,6,102,107
145,7,123,124
145,8,133,134
145,9,125,130
145,10,93,94
145,11,39,44
145,12,113,117
145,13,86,90
145,14,120,121
146,0,6,10
146,1,29,34
146,2,46,49
146,3,20,25
146,4,23,25
146,5,52,53
146,6,3,4
147,0,129,130
147,1,15,20
147,2,21,24
147,3,118,123
147,4,144,147
147,5,111,116
147,6,1,4
147,7,142,147
147,8,144,147
147,9,83,87
147,10,109,112
147,11,78,83
147,12,74,75
147,13,140,144
147,14,30,32
148,0,100,104
148,1,108,112
148,2,28,31
148,3,34,35
148,4,89,94
148,5,3,5
148,6,122,124
148,7,95,97
148,8,128,130
148,9,10,15
148,10,12,17
148,11,2,4
148,12,0,2
148,13,92,96
148,14,121,123
148,15,46,47
148,16,118,120
149,0,40,42
149,1,28,31
149,2,89,94
149,3,54,57
149,4,45,48
149,5,72,76
149,6,52,54
149,7,21,26
149,8,79,83
150,0,111,113
150,1,23,28
150,2,168,171
150,3,160,161
150,4,105,107
150,5,52,56
150,6,35,38
150,7,14,18
150,8,164,169
150,9,16,20
150,10,92,93
150,11,53,54
150,12,7,9
150,13,59,64
150,14,75,78
150,15,69,71
150,16,139,143
151,0,86,90
151,1,57,61
151,2,9,10
151,3,10,11
151,4,26,30
151,5,73,75
151,6,15,16
151,7,27,32
151,8,17,18
151,9,58,60
152,0,57,59
152,1,3,4
152,2,23,27
152,3,58,60
152,4,20,22
152,5,2,5
152,6,30,31
153,0,59,60
153,1,27,28
153,2,10,14
153,3,29,33
153,4,39,41
153,5,62,63
153,6,11,16
154,0,134,138
154,1,64,69
154,2,72,76
154,3,10,11
154,4,41,46
154,5,13,16
154,6,28,30
154,7,101,103
154,8,93,97
154,9,127,129
154,10,90,92
154,11,112,113
154,12,120,123
154,13,153,154
154,14,72,76
154,15,0,1
155,0,88,90
155,1,76,81
155,2,39,40
155,3,28,33
155,4,29,30
155,5,65,66
155,6,85,90
155,7,28,33
155,8,64,69
156,0,78,79
156,1,53,56
156,2,6,11
156,3,35,37
156,4,119,124
156,5,39,41
156,6,40,44
156,7,118,121
156,8,110,115
156,9,1,3
156,10,20,21
156,11,73,74
157,0,11,14
157,1,34,38
157,2,24,27
157,3,13,17
158,0,80,82
158,1,103,108
158,2,101,103
158,3,114,118
158,4,102,107
158,5,16,20
158,6,1,6
158,7,101,102
158,8,72,76
158,9,29,33
158,10,82,83
158,11,31,36
158,12,42,44
158,13,54,58
158,14,90,92
158,15,74,77
159,0,60,62
159,1,3,7
159,2,13,16
159,3,72,75
159,4,95,100
159,5,38,42
159,6,62,67
159,7,66,69
159,8,86,90
159,9,62,66
160,0,96,101
160,1,35,38
160,2,14,16
160,3,44,45
160,4,48,52
160,5,134,135
160,6,81,85
160,7,135,137
160,8,20,25
160,9,27,30
160,10,64,66
160,11,121,125
160,12,68,71
160,13,128,131
160,14,52,56
161,0,52,55
161,1,10,15
161,2,53,58
161,3,71,76
161,4,60,61
161,5,14,16
161,6,5,10
161,7,59,62
161,8,20,21
162,0,161,162
162,1,112,114
162,2,167,168
162,3,169,173
162,4,164,169
162,5,111,116
162,6,167,172
162,7,45,46
162,8,26,28
162,9,47,51
162,10,41,42
162,11,160,162
162,12,155,157
162,13,56,57
162,14,140,142
162,15,93,98
162,16,56,59
162,17,153,155
163,0,114,118
163,1,78,80
163,2,108,112
163,3,16,17
163,4,28,30
163,5,118,123
163,6,40,41
163,7,36,40
163,8,163,165
163,9,35,40
163,10,17,20
163,11,47,49
163,12,73,75
163,13,6,10
163,14,165,167
163,15,91,92
163,16,73,78
164,0,46,48
164,1,150,151
164,2,138,143
164,3,63,65
164,4,150,154
164,5,65,69
164,6,115,118
164,7,0,1
164,8,38,41
164,9,137,139
164,10,79,81
164,11,77,82
164,12,99,100
164,13,114,115
164,14,74,78
164,15,41,46
165,0,39,42
165,1,39,43
165,2,59,63
165,3,52,56
165,4,73,78
165,5,88,91
165,6,66,71
165,7,69,72
165,8,86,90
165,9,79,80
166,0,97,98
166,1,45,49
166,2,93,95
166,3,18,23
166,4,64,68
166,5,65,70
166,6,36,41
166,7,34,35
166,8,47,51
166,9,119,121
166,10,81,85
166,11,21,22
166,12,48,51
166,13,124,128
166,14,48,53
167,0,27,32
167,1,48,52
167,2,59,64
167,3,76,79
167,4,35,36
167,5,53,54
167,6,64,69
167,7,63,66
168,0,91,92
168,1,56,60
168,2,139,143
168,3,16,19
168,4,162,164
168,5,76,79
168,6,129,131
168,7,157,161
168,8,151,154
168,9,62,67
168,10,44,46
168,11,112,117
168,12,77,80
168,13,7,11
168,14,154,159
168,15,129,130
168,16,130,133
169,0,20,24
169,1,12,17
169,2,41,43
169,3,1,2
169,4,22,27
169,5,5,7
169,6,3,7
170,0,98,100
170,1,84,89
170,2,10,15
170,3,96,100
170,4,106,109
170,5,98,100
170,6,106,109
170,7,95,100
170,8,2,6
170,9,15,18
170,10,24,27
171,0,70,73
171,1,29,34
171,2,1,2
171,3,28,32
171,4,5,7
171,5,69,71
171,6,36,41
171,7,73,78
171,8,84,88
172,0,54,59
172,1,26,31
172,2,108,111
172,3,43,48
172,4,78,79
172,5,43,48
172,6,98,102
172,7,87,92
172,8,24,25
172,9,87,92
172,10,99,104
172,11,87,91
172,12,76,81
172,13,61,64
172,14,65,66
173,0,42,44
173,1,12,13
173,2,81,85
173,3,68,73
173,4,63,68
173,5,24,29
173,6,88,89
173,7,65,66
173,8,88,92
173,9,83,86
173,10,43,44
174,0,83,85
174,1,12,17
174,2,35,36
174,3,80,85
174,4,57,62
174,5,81,82
174,6,39,43
174,7,52,54
174,8,83,88
174,9,58,59
174,10,0,4
174,11,129,133
174,12,106,107
174,13,55,56
174,14,56,59
174,15,9,14
175,0,2,3
175,1,10,12
175,2,13,18
175,3,45,48
175,4,52,53
175,5,41,44
175,6,56,60
176,0,38,39
176,1,27,32
176,2,30,33
176,3,6,7
176,4,56,58
176,5,37,42
177,0,122,124
177,1,98,102
177,2,95,96
177,3,117,120
177,4,70,71
177,5,136,138
177,6,162,166
177,7,142,146
177,8,154,157
177,9,133,137
177,10,90,92
177,11,50,53
177,12,130,134
177,13,44,49
177,14,4,9
177,15,70,72
177,16,0,1
178,0,65,66
178,1,58,63
178,2,70,71
178,3,10,12
178,4,4,8
178,5,57,59
178,6,51,53
178,7,13,18
178,8,65,66
178,9,105,106
178,10,53,58
178,11,78,80
178,12,112,117
179,0,68,70
179,1,24,28
179,2,41,45
179,3,63,68
179,4,19,20
179,5,54,59
179,6,56,61
179,7,63,68
179,8,13,14
179,9,11,13
179,10,82,87
179,11,76,79
180,0,81,83
180,1,87,88
180,2,138,142
180,3,20,23
180,4,69,73
180,5,29,34
180,6,134,139
180,7,54,58
180,8,81,83
180,9,97,99
180,10,148,152
180,11,146,147
180,12,128,130
180,13,61,66
180,14,41,46
181,0,17,21
181,1,24,27
181,2,64,67
181,3,44,46
181,4,32,34
181,5,41,42
181,6,34,37
182,0,30,31
182,1,37,41
182,2,38,42
182,3,13,17
183,0,27,28
183,1,17,18
183,2,113,118
183,3,16,18
183,4,20,24
183,5,67,70
183,6,38,43
183,7,98,102
183,8,91,95
183,9,53,58
183,10,32,36
183,11,2,6
183,12,53,58
183,13,125,126
183,14,70,75
184,0,7,11
184,1,63,68
184,2,40,42
184,3,25,28
184,4,62,67
184,5,45,48
184,6,30,31
185,0,55,58
185,1,14,16
185,2,50,55
185,3,79,83
185,4,25,29
185,5,10,12
185,6,52,54
185,7,14,18
186,0,24,25
186,1,26,30
186,2,13,14
186,3,55,58
186,4,108,111
186,5,42,43
186,6,50,54
186,7,69,71
186,8,23,27
186,9,58,59
186,10,104,107
187,0,63,67
187,1,63,64
187,2,12,14
187,3,23,25
187,4,45,50
187,5,10,12
187,6,41,42
188,0,75,80
188,1,168,171
188,2,14,16
188,3,129,134
188,4,56,59
188,5,21,24
188,6,46,47
188,7,50,55
188,8,79,80
188,9,88,93
188,10,85,86
188,11,45,50
188,12,110,112
188,13,156,161
188,14,53,57
188,15,17,22
188,16,10,14
188,17,48,50
189,0,54,56
189,1,110,111
189,2,48,51
189,3,165,166
189,4,170,172
189,5,29,32
189,6,46,48
189,7,57,62
189,8,18,22
189,9,66,71
189,10,96,101
189,11,44,47
189,12,28,29
189,13,165,168
189,14,177,182
189,15,106,107
189,16,96,101
189,17,122,125
190,0,15,19
190,1,33,37
190,2,3,5
190,3,14,18
191,0,13,14
191,1,90,94
191,2,126,128
191,3,33,36
191,4,9,12
191,5,38,42
191,6,14,17
191,7,13,18
191,8,134,139
191,9,102,103
191,10,92,95
191,11,124,127
191,12,44,48
191,13,18,22
192,0,15,19
192,1,77,81
192,2,85,86
192,3,76,81
192,4,10,15
192,5,5,9
192,6,103,106
192,7,50,53
192,8,91,95
192,9,41,42
192,10,20,24
193,0,113,114
193,1,108,111
193,2,82,83
193,3,103,107
193,4,16,18
193,5,11,12
193,6,8,10
193,7,135,139
193,8,138,143
193,9,34,39
193,10,88,90
193,11,11,15
193,12,28,30
193,13,83,86
194,0,1,3
194,1,30,33
194,2,63,66
194,3,55,58
194,4,84,88
194,5,68,69
194,6,95,100
194,7,130,135
194,8,59,61
194,9,54,56
194,10,107,109
194,11,152,153
194,12,48,53
194,13,107,111
194,14,113,115
194,15,166,169
194,16,42,43
195,0,0,1
195,1,83,84
195,2,32,36
195,3,46,47
195,4,1,2
195,5,38,43
195,6,0,5
195,7,53,57
195,8,64,66
195,9,19,22
196,0,71,76
196,1,8,11
196,2,1,5
196,3,64,67
196,4,75,79
196,5,71,73
196,6,9,14
196,7,28,29
197,0,99,104
197,1,77,81
197,2,4,5
197,3,21,23
197,4,3,4
197,5,27,32
197,6,24,27
197,7,59,63
197,8,61,62
197,9,96,101
197,10,72,74
198,0,66,70
198,1,11,12
198,2,32,37
198,3,94,98
198,4,47,49
198,5,79,81
198,6,86,91
198,7,42,44
198,8,90,94
198,9,59,60
198,10,81,84
199,0,36,39
199,1,32,33
199,2,33,34
199,3,45,46
199,4,4,6
200,0,5,13
200,1,7,13
200,2,8,27
200,3,5,28
200,4,1,8
200,5,10,26
200,6,6,24
200,7,9,23
200,8,0,21
200,9,12,35
200,10,11,18
200,11,6,13
200,12,5,26
201,0,6,12
201,1,2,8
201,2,4,13
201,3,1,8
201,4,4,15
201,5,0,11
201,6,5,9
202,0,11,39
202,1,12,29
202,2,1,16
202,3,12,35
202,4,12,34
202,5,13,30
202,6,10,24
202,7,0,30
202,8,8,35
202,9,13,29
202,10,12,36
202,11,11,32
202,12,11,29
202,13,6,19
202,14,0,12
202,15,8,36
203,0,4,26
203,1,8,20
203,2,5,27
203,3,2,14
203,4,6,11
203,5,10,26
203,6,2,10
203,7,0,22
203,8,6,23
203,9,10,30
203,10,0,14
204,0,3,26
204,1,4,40
204,2,10,38
204,3,3,13
204,4,2,38
204,5,14,46
204,6,4,30
204,7,8,43
204,8,1,35
204,9,5,30
204,10,5,34
204,11,14,42
204,12,0,9
204,13,12,32
204,14,6,39
204,15,9,25
204,16,1,27
204,17,9,37
205,0,1,23
205,1,8,24
205,2,13,33
205,3,12,38
205,4,7,31
205,5,7,15
205,6,6,19
205,7,4,18
205,8,3,19
205,9,10,34
205,10,11,38
205,11,5,27
205,12,7,26
205,13,5,17
206,0,11,35
206,1,0,25
206,2,13,21
206,3,8,40
206,4,6,20
206,5,6,19
206,6,12,46
206,7,0,20
206,8,15,48
206,9,15,42
206,10,1,25
206,11,9,40
206,12,5,31
206,13,8,30
206,14,12,35
206,15,6,31
206,16,0,20
207,0,2,8
207,1,1,14
207,2,1,12
207,3,0,7
207,4,0,11
207,5,5,15
207,6,3,8
208,0,3,26
208,1,11,21
208,2,12,40
208,3,5,22
208,4,11,37
208,5,8,34
208,6,12,37
208,7,1,12
208,8,0,25
208,9,4,23
208,10,9,35
208,11,10,19
208,12,11,25
208,13,0,26
208,14,9,37
208,15,1,23
209,0,8,15
209,1,6,21
209,2,7,26
209,3,10,16
209,4,2,23
209,5,2,11
209,6,3,26
209,7,10,34
209,8,7,22
209,9,1,12
209,10,7,28
209,11,0,21
209,12,11,36
210,0,10,35
210,1,10,30
210,2,2,19
210,3,1,23
210,4,11,28
210,5,8,32
210,6,11,30
210,7,12,25
210,8,11,21
210,9,0,8
210,10,9,21
210,11,6,21
210,12,5,28
211,0,2,25
211,1,5,30
211,2,5,28
211,3,11,27
211,4,6,27
211,5,8,14
211,6,5,13
211,7,7,15
211,8,1,25
211,9,2,9
211,10,8,20
211,11,8,21
211,12,2,26
212,0,13,36
212,1,15,36
212,2,7,32
212,3,6,37
212,4,13,34
212,5,4,16
212,6,4,20
212,7,1,31
212,8,5,33
212,9,8,22
212,10,12,28
212,11,2,31
212,12,14,23
212,13,4,20
212,14,11,42
212,15,11,19
213,0,8,18
213,1,2,11
213,2,8,28
213,3,7,22
213,4,8,26
213,5,3,9
213,6,9,21
213,7,9,32
213,8,0,14
213,9,5,25
213,10,3,9
213,11,11,33
214,0,0,8
214,1,3,6
214,2,0,5
214,3,3,7
215,0,2,7
215,1,5,15
215,2,1,8
215,3,1,11
215,4,2,10
215,5,5,9
216,0,4,13
216,1,4,8
216,2,1,3
216,3,0,5
216,4,0,10
217,0,1,12
217,1,1,16
217,2,2,12
217,3,2,12
217,4,2,9
217,5,4,19
217,6,1,9
217,7,5,14
218,0,6,16
218,1,6,9
218,2,2,12
218,3,1,15
218,4,1,5
218,5,0,12
218,6,2,9
219,0,4,32
219,1,3,30
219,2,2,25
219,3,9,26
219,4,7,22
219,5,9,38
219,6,1,10
219,7,11,22
219,8,6,17
219,9,3,13
219,10,0,18
219,11,2,33
219,12,10,18
219,13,10,31
219,14,8,37
219,15,6,22
219,16,1,34
220,0,0,18
220,1,10,23
220,2,1,26
220,3,3,20
220,4,10,25
220,5,12,30
220,6,1,25
220,7,1,18
220,8,1,22
220,9,11,31
220,10,2,8
220,11,2,21
220,12,10,27
221,0,9,26
221,1,2,24
221,2,7,29
221,3,0,7
221,4,9,28
221,5,10,29
221,6,3,12
221,7,3,22
221,8,8,16
221,9,9,26
221,10,3,18
222,0,3,17
222,1,8,29
222,2,12,35
222,3,10,32
222,4,5,31
222,5,0,25
222,6,6,36
222,7,13,43
222,8,9,31
222,9,7,35
222,10,0,17
222,11,8,15
222,12,11,40
222,13,8,22
222,14,12,23
223,0,6,23
223,1,8,24
223,2,1,12
223,3,1,10
223,4,1,16
223,5,5,12
223,6,4,18
223,7,8,17
223,8,8,20
224,0,3,9
224,1,5,22
224,2,6,26
224,3,6,20
224,4,2,16
224,5,5,14
224,6,8,22
224,7,3,19
224,8,1,18
224,9,5,15
225,0,3,14
225,1,3,12
225,2,7,13
225,3,2,8
225,4,7,24
225,5,1,13
225,6,7,12
225,7,6,24
225,8,1,13
226,0,12,23
226,1,9,29
226,2,0,21
226,3,1,24
226,4,4,25
226,5,3,10
226,6,4,20
226,7,12,30
226,8,7,26
226,9,6,18
226,10,10,29
226,11,8,27
226,12,4,16
227,0,2,10
227,1,2,9
227,2,2,8
227,3,5,12
227,4,1,6
227,5,3,13
228,0,3,21
228,1,9,27
228,2,0,14
228,3,5,25
228,4,9,20
228,5,3,25
228,6,0,19
228,7,8,22
228,8,10,24
228,9,2,23
228,10,2,22
229,0,0,3
229,1,2,9
229,2,2,8
229,3,0,6
230,0,2,18
230,1,8,24
230,2,7,14
230,3,1,18
230,4,4,22
230,5,2,11
230,6,7,21
230,7,7,17
230,8,0,18
231,0,13,29
231,1,10,19
231,2,12,46
231,3,6,22
231,4,11,38
231,5,12,46
231,6,15,34
231,7,6,31
231,8,12,27
231,9,6,24
231,10,14,23
231,11,3,29
231,12,1,12
231,13,10,38
231,14,7,23
231,15,4,36
231,16,6,35
232,0,7,38
232,1,0,15
232,2,6,18
232,3,3,33
232,4,2,12
232,5,1,16
232,6,5,29
232,7,6,21
232,8,12,23
232,9,4,18
232,10,0,31
232,11,17,48
232,12,13,47
232,13,5,32
232,14,8,20
232,15,16,47
232,16,14,41
232,17,2,17
233,0,0,6
233,1,3,27
233,2,0,21
233,3,10,22
233,4,4,18
233,5,9,27
233,6,8,23
233,7,2,14
233,8,8,31
233,9,10,32
233,10,1,18
233,11,4,27
234,0,0,12
234,1,5,25
234,2,10,26
234,3,10,38
234,4,0,7
234,5,5,33
234,6,2,17
234,7,11,18
234,8,3,25
234,9,3,28
234,10,0,16
234,11,0,15
234,12,7,23
234,13,10,33
235,0,4,8
235,1,1,8
235,2,3,13
235,3,4,10
235,4,0,6
236,0,9,16
236,1,13,42
236,2,11,26
236,3,12,33
236,4,0,9
236,5,3,12
236,6,3,29
236,7,9,24
236,8,7,18
236,9,9,28
236,10,1,10
236,11,5,30
236,12,14,35
236,13,11,26
236,14,14,38
237,0,14,34
237,1,6,18
237,2,4,29
237,3,4,24
237,4,6,28
237,5,3,24
237,6,12,28
237,7,5,17
237,8,6,20
237,9,1,14
237,10,2,21
237,11,6,36
237,12,1,30
237,13,12,34
237,14,11,20
238,0,2,14
238,1,4,13
238,2,5,9
238,3,6,21
238,4,0,8
238,5,2,14
238,6,0,10
238,7,7,14
239,0,6,15
239,1,1,4
239,2,3,17
239,3,4,7
239,4,4,10
239,5,4,17
239,6,0,13
240,0,1,11
240,1,0,7
240,2,3,9
240,3,2,5
240,4,1,10
240,5,2,14
240,6,6,16
241,0,8,27
241,1,8,28
241,2,4,10
241,3,7,12
241,4,2,21
241,5,7,16
241,6,3,18
241,7,2,11
241,8,0,17
241,9,9,17
242,0,4,14
242,1,0,4
242,2,0,12
242,3,5,8
242,4,2,10
242,5,2,5
243,0,2,12
243,1,4,11
243,2,3,10
243,3,2,15
243,4,2,8
243,5,1,13
243,6,2,13
244,0,4,17
244,1,8,26
244,2,1,21
244,3,1,16
244,4,0,14
244,5,9,23
244,6,7,12
244,7,2,22
244,8,1,12
244,9,0,22
244,10,6,16
245,0,5,14
245,1,4,17
245,2,3,10
245,3,1,4
245,4,1,10
245,5,4,16
245,6,3,12
246,0,2,6
246,1,3,12
246,2,6,18
246,3,5,18
246,4,1,9
246,5,1,15
246,6,2,5
247,0,13,26
247,1,3,18
247,2,14,44
247,3,4,28
247,4,16,41
247,5,5,23
247,6,11,24
247,7,6,24
247,8,16,39
247,9,15,24
247,10,0,25
247,11,15,38
247,12,5,28
247,13,13,41
247,14,11,22
247,15,10,33
247,16,4,28
248,0,4,10
248,1,0,18
248,2,4,10
248,3,5,19
248,4,0,7
248,5,5,17
248,6,1,10
248,7,7,24
248,8,8,12
249,0,2,8
249,1,0,12
249,2,4,16
249,3,5,8
249,4,2,13
249,5,0,4
250,0,3,21
250,1,8,29
250,2,4,11
250,3,2,13
250,4,4,26
250,5,4,20
250,6,3,16
250,7,9,15
250,8,2,12
250,9,5,16
250,10,0,6
250,11,6,29
251,0,1,8
251,1,6,13
251,2,1,10
251,3,1,10
251,4,6,11
251,5,5,21
251,6,3,9
251,7,4,12
252,0,5,30
252,1,10,32
252,2,7,24
252,3,6,24
252,4,11,23
252,5,9,16
252,6,14,33
252,7,10,38
252,8,8,24
252,9,4,32
252,10,6,20
252,11,4,33
252,12,2,22
252,13,0,22
252,14,4,11
253,0,5,27
253,1,12,20
253,2,3,12
253,3,1,17
253,4,12,21
253,5,0,13
253,6,2,15
253,7,14,38
253,8,7,27
253,9,5,12
253,10,2,19
253,11,6,18
253,12,1,12
253,13,3,33
253,14,0,17
254,0,4,12
254,1,1,23
254,2,6,17
254,3,6,13
254,4,0,11
254,5,10,23
254,6,7,21
254,7,0,21
254,8,8,14
254,9,8,16
254,10,1,13
255,0,1,7
255,1,3,10
255,2,1,7
255,3,0,3
256,0,4,17
256,1,0,8
256,2,6,22
256,3,1,5
256,4,6,21
256,5,5,14
256,6,6,16
256,7,4,20
257,0,10,27
257,1,10,16
257,2,0,7
257,3,1,11
257,4,5,14
257,5,9,16
257,6,10,29
257,7,4,20
257,8,10,25
257,9,9,18
257,10,7,22
258,0,1,13
258,1,5,15
258,2,0,5
258,3,2,12
258,4,0,10
258,5,2,10
259,0,4,10
259,1,5,16
259,2,0,9
259,3,5,12
259,4,5,8
259,5,3,13
260,0,0,6
260,1,1,11
260,2,4,9
260,3,0,6
260,4,4,13
261,0,7,23
261,1,10,22
261,2,2,22
261,3,5,12
261,4,3,26
261,5,11,22
261,6,4,22
261,7,12,25
261,8,5,22
261,9,7,19
261,10,12,37
261,11,4,20
261,12,1,19
262,0,11,20
262,1,4,28
262,2,10,29
262,3,11,17
262,4,3,23
262,5,5,11
262,6,6,20
262,7,6,29
262,8,4,24
262,9,1,15
262,10,0,9
262,11,1,11
262,12,5,15
263,0,9,35
263,1,14,44
263,2,9,18
263,3,0,10
263,4,15,24
263,5,14,39
263,6,13,34
263,7,2,15
263,8,0,21
263,9,12,24
263,10,9,41
263,11,5,17
263,12,6,23
263,13,9,22
263,14,10,29
263,15,14,46
264,0,11,19
264,1,7,30
264,2,0,20
264,3,2,10
264,4,10,32
264,5,8,25
264,6,6,25
264,7,9,30
264,8,6,25
264,9,5,14
264,10,5,25
264,11,1,20
265,0,3,21
265,1,5,14
265,2,4,21
265,3,5,19
265,4,5,23
265,5,0,5
265,6,10,23
265,7,4,15
265,8,4,10
265,9,0,21
265,10,7,13
266,0,2,5
266,1,0,3
266,2,1,9
266,3,1,4
267,0,0,18
267,1,2,34
267,2,4,31
267,3,13,44
267,4,6,17
267,5,5,16
267,6,2,24
267,7,0,24
267,8,13,37
267,9,2,28
267,10,11,42
267,11,10,20
267,12,2,21
267,13,15,44
267,14,2,29
267,15,15,40
268,0,8,17
268,1,6,12
268,2,1,15
268,3,6,27
268,4,5,27
268,5,9,14
268,6,7,28
268,7,2,20
268,8,5,14
268,9,2,17
268,10,3,19
269,0,0,4
269,1,3,9
269,2,0,6
269,3,3,13
269,4,1,9
269,5,0,6
270,0,3,12
270,1,6,18
270,2,6,12
270,3,5,20
270,4,1,9
270,5,4,10
270,6,2,11
270,7,6,10
271,0,11,37
271,1,1,12
271,2,2,8
271,3,11,37
271,4,2,27
271,5,12,21
271,6,11,29
271,7,12,30
271,8,7,31
271,9,6,16
271,10,4,21
271,11,10,25
271,12,3,11
272,0,0,9
272,1,0,6
272,2,6,13
272,3,8,15
272,4,8,17
272,5,1,8
272,6,8,18
272,7,8,13
272,8,8,21
272,9,4,18
273,0,4,17
273,1,0,5
273,2,6,15
273,3,8,25
273,4,5,10
273,5,4,22
273,6,7,12
273,7,4,12
273,8,3,9
274,0,1,12
274,1,10,24
274,2,6,25
274,3,7,22
274,4,5,19
274,5,6,19
274,6,7,26
274,7,0,14
274,8,5,12
274,9,6,19
274,10,5,18
274,11,9,30
275,0,6,9
275,1,3,10
275,2,1,8
275,3,4,14
275,4,5,9
275,5,1,4
275,6,0,14
276,0,17,51
276,1,4,31
276,2,8,31
276,3,0,32
276,4,3,14
276,5,5,25
276,6,0,34
276,7,12,21
276,8,5,22
276,9,6,40
276,10,12,48
276,11,10,34
276,12,4,16
276,13,7,19
276,14,6,28
276,15,1,26
276,16,2,15
276,17,7,41
277,0,2,4
277,1,2,6
277,2,0,2
277,3,1,3
278,0,4,8
278,1,3,15
278,2,5,16
278,3,5,12
278,4,1,7
278,5,3,7
279,0,9,17
279,1,6,17
279,2,8,16
279,3,3,9
279,4,3,8
279,5,3,20
279,6,1,13
279,7,1,7
279,8,7,22
279,9,4,23
280,0,0,5
280,1,4,14
280,2,3,11
280,3,2,4
280,4,3,12
281,0,1,11
281,1,2,8
281,2,3,11
281,3,5,13
281,4,5,17
281,5,0,6
282,0,3,10
282,1,2,4
282,2,2,4
282,3,0,7
283,0,1,8
283,1,0,5
283,2,1,10
283,3,3,10
283,4,4,13
284,0,2,6
284,1,1,8
284,2,1,5
284,3,0,8
284,4,1,7
284,5,1,5
285,0,2,10
285,1,2,12
285,2,3,11
285,3,2,12
285,4,2,9
286,0,3,8
286,1,5,15
286,2,4,7
286,3,3,17
286,4,6,11
286,5,4,15
286,6,0,5
287,0,0,9
287,1,11,26
287,2,7,29
287,3,2,17
287,4,8,20
287,5,7,22
287,6,2,24
287,7,3,29
287,8,12,25
287,9,10,28
287,10,8,28
287,11,6,22
287,12,10,30
288,0,8,18
288,1,9,28
288,2,4,24
288,3,0,8
288,4,1,14
288,5,12,19
288,6,4,15
288,7,7,18
288,8,10,36
288,9,11,34
288,10,3,28
288,11,9,33
288,12,0,21
289,0,0,20
289,1,3,22
289,2,0,16
289,3,0,6
289,4,2,9
289,5,0,12
289,6,3,23
289,7,8,21
289,8,0,16
289,9,3,25
289,10,0,22
290,0,1,13
290,1,3,10
290,2,5,16
290,3,1,10
290,4,2,14
290,5,5,10
291,0,2,15
291,1,6,13
291,2,3,10
291,3,0,10
291,4,6,19
291,5,5,9
291,6,3,15
292,0,8,40
292,1,16,25
292,2,15,40
292,3,3,39
292,4,15,30
292,5,15,31
292,6,11,34
292,7,17,43
292,8,10,36
292,9,17,37
292,10,13,39
292,11,5,25
292,12,7,30
292,13,7,38
292,14,0,12
292,15,1,29
292,16,15,35
292,17,4,31
293,0,8,17
293,1,7,20
293,2,7,11
293,3,1,9
293,4,0,16
293,5,7,25
293,6,8,26
293,7,5,12
293,8,1,18
294,0,8,34
294,1,12,33
294,2,7,14
294,3,2,22
294,4,2,28
294,5,9,27
294,6,11,39
294,7,6,28
294,8,11,22
294,9,1,8
294,10,4,26
294,11,11,27
294,12,11,31
294,13,5,20
295,0,4,18
295,1,1,7
295,2,4,12
295,3,1,9
295,4,4,16
295,5,6,10
295,6,0,6
295,7,7,19
296,0,10,24
296,1,8,17
296,2,6,13
296,3,4,21
296,4,5,16
296,5,9,31
296,6,2,13
296,7,1,6
296,8,1,15
296,9,9,29
296,10,1,8
297,0,5,26
297,1,8,14
297,2,4,20
297,3,3,17
297,4,0,9
297,5,6,28
297,6,3,11
297,7,10,28
297,8,2,22
297,9,1,11
297,10,5,19
297,11,11,31
298,0,4,15
298,1,2,10
298,2,8,26
298,3,6,21
298,4,5,22
298,5,7,13
298,6,4,8
298,7,8,13
298,8,3,12
299,0,5,14
299,1,7,22
299,2,1,9
299,3,4,9
299,4,7,12
299,5,4,12
299,6,3,19
299,7,0,17
299,8,3,14
300,0,2,13
300,1,4,18
300,2,4,9
300,3,3,13
300,4,2,11
300,5,1,7
300,6,0,9
301,0,1,22
301,1,1,22
301,2,11,24
301,3,8,14
301,4,4,28
301,5,7,26
301,6,6,26
301,7,3,22
301,8,0,7
301,9,6,24
301,10,1,15
301,11,4,14
301,12,12,24
302,0,15,28
302,1,3,18
302,2,3,33
302,3,7,40
302,4,2,10
302,5,9,33
302,6,0,10
302,7,11,40
302,8,0,34
302,9,1,11
302,10,7,28
302,11,7,40
302,12,4,36
302,13,9,20
302,14,11,26
302,15,2,23
302,16,12,29
303,0,0,15
303,1,7,17
303,2,0,10
303,3,4,13
303,4,7,21
303,5,1,10
303,6,6,10
303,7,7,19
304,0,3,13
304,1,5,19
304,2,3,7
304,3,1,14
304,4,3,7
304,5,2,14
304,6,3,19
304,7,6,12
305,0,1,14
305,1,11,22
305,2,4,15
305,3,10,20
305,4,2,24
305,5,13,39
305,6,10,29
305,7,8,23
305,8,2,18
305,9,6,23
305,10,1,28
305,11,10,36
305,12,8,26
305,13,8,30
305,14,1,26
305,15,9,25
306,0,3,13
306,1,2,14
306,2,5,13
306,3,0,15
306,4,1,15
306,5,6,14
306,6,5,23
306,7,7,32
306,8,10,21
306,9,6,18
306,10,8,25
306,11,2,15
306,12,1,12
307,0,11,28
307,1,8,32
307,2,4,14
307,3,11,31
307,4,2,17
307,5,1,10
307,6,9,32
307,7,1,8
307,8,1,10
307,9,8,16
307,10,0,19
307,11,3,30
307,12,10,33
307,13,9,33
307,14,0,26
308,0,6,17
308,1,6,21
308,2,4,16
308,3,5,14
308,4,6,10
308,5,3,15
308,6,7,16
308,7,1,12
309,0,3,5
309,1,3,10
309,2,4,8
309,3,3,7
309,4,2,4
310,0,15,33
310,1,6,22
310,2,3,30
310,3,15,32
310,4,6,21
310,5,14,29
310,6,15,34
310,7,11,35
310,8,7,20
310,9,11,27
310,10,15,43
310,11,10,28
310,12,14,34
310,13,9,36
310,14,2,14
310,15,9,27
311,0,4,17
311,1,3,6
311,2,6,11
311,3,2,8
311,4,2,7
311,5,1,13
311,6,4,11
312,0,1,5
312,1,4,11
312,2,3,8
312,3,1,3
312,4,3,8
313,0,5,12
313,1,3,6
313,2,5,16
313,3,5,12
313,4,0,10
313,5,1,11
314,0,2,4
314,1,1,9
314,2,1,6
314,3,2,5
315,0,6,26
315,1,3,11
315,2,4,24
315,3,0,6
315,4,2,17
315,5,4,15
315,6,6,24
315,7,8,19
315,8,3,20
315,9,1,20
316,0,7,19
316,1,4,9
316,2,2,13
316,3,3,13
316,4,0,15
316,5,1,8
316,6,2,8
316,7,8,12
316,8,6,11
317,0,1,11
317,1,1,16
317,2,0,4
317,3,1,15
317,4,5,18
317,5,5,19
317,6,5,19
317,7,5,19
318,0,1,18
318,1,13,49
318,2,12,36
318,3,17,31
318,4,3,15
318,5,6,38
318,6,4,13
318,7,13,36
318,8,6,18
318,9,4,34
318,10,11,41
318,11,8,40
318,12,15,38
318,13,10,28
318,14,0,27
318,15,14,27
318,16,11,37
318,17,3,26
319,0,15,35
319,1,7,18
319,2,11,26
319,3,8,27
319,4,11,33
319,5,3,24
319,6,2,30
319,7,14,35
319,8,2,29
319,9,13,35
319,10,14,38
319,11,5,28
319,12,5,24
319,13,12,30
319,14,5,25
319,15,6,34
320,0,15,27
320,1,4,38
320,2,1,21
320,3,6,30
320,4,15,37
320,5,0,18
320,6,7,30
320,7,4,38
320,8,6,16
320,9,17,43
320,10,2,34
320,11,8,42
320,12,17,53
320,13,3,15
320,14,9,38
320,15,1,27
320,16,10,31
320,17,10,27
321,0,6,27
321,1,2,15
321,2,4,16
321,3,8,26
321,4,9,30
321,5,10,26
321,6,9,24
321,7,8,27
321,8,8,27
321,9,8,22
321,10,11,22
321,11,2,22
321,12,5,12
322,0,7,35
322,1,0,9
322,2,5,23
322,3,7,27
322,4,12,20
322,5,5,13
322,6,9,26
322,7,3,18
322,8,4,20
322,9,12,19
322,10,7,22
322,11,9,37
322,12,10,36
322,13,12,37
323,0,3,11
323,1,4,16
323,2,1,24
323,3,9,16
323,4,10,17
323,5,6,29
323,6,2,15
323,7,4,13
323,8,0,24
323,9,11,29
323,10,3,26
323,11,1,11
324,0,3,29
324,1,2,26
324,2,2,13
324,3,5,13
324,4,1,15
324,5,8,19
324,6,12,21
324,7,2,26
324,8,2,14
324,9,3,15
324,10,8,29
324,11,9,27
324,12,3,12
324,13,10,25
325,0,7,22
325,1,5,16
325,2,4,10
325,3,6,12
325,4,1,9
325,5,3,11
325,6,1,17
325,7,3,9
326,0,1,28
326,1,2,13
326,2,12,39
326,3,6,29
326,4,4,34
326,5,1,30
326,6,9,36
326,7,0,24
326,8,10,18
326,9,3,20
326,10,12,20
326,11,6,15
326,12,0,22
326,13,14,38
326,14,5,17
327,0,1,14
327,1,9,18
327,2,0,18
327,3,8,13
327,4,2,16
327,5,7,23
327,6,9,25
327,7,0,21
327,8,6,27
327,9,4,21
327,10,4,20
328,0,4,18
328,1,13,35
328,2,2,30
328,3,10,39
328,4,2,31
328,5,5,25
328,6,6,18
328,7,13,31
328,8,9,24
328,9,0,30
328,10,4,33
328,11,9,38
328,12,13,43
328,13,0,30
328,14,12,27
329,0,0,22
329,1,1,20
329,2,7,14
329,3,4,11
329,4,8,32
329,5,3,27
329,6,0,8
329,7,2,11
329,8,8,19
329,9,2,17
329,10,5,17
329,11,1,9
329,12,6,22
330,0,0,6
330,1,3,5
330,2,4,10
330,3,2,5
330,4,2,5
331,0,6,19
331,1,1,13
331,2,2,12
331,3,5,22
331,4,1,9
331,5,3,23
331,6,9,21
331,7,7,31
331,8,5,17
331,9,9,20
331,10,2,19
331,11,3,17
332,0,3,8
332,1,4,12
332,2,1,3
332,3,3,9
332,4,0,2
333,0,4,35
333,1,8,18
333,2,9,27
333,3,14,43
333,4,6,26
333,5,10,40
333,6,8,16
333,7,11,36
333,8,7,35
333,9,11,32
333,10,1,28
333,11,15,31
333,12,12,37
333,13,13,43
333,14,12,20
333,15,6,31
334,0,13,34
334,1,9,27
334,2,3,12
334,3,9,33
334,4,11,18
334,5,5,32
334,6,7,27
334,7,10,33
334,8,10,24
334,9,1,27
334,10,7,26
334,11,2,29
334,12,0,25
334,13,11,29
335,0,0,9
335,1,6,16
335,2,6,29
335,3,1,8
335,4,8,25
335,5,9,24
335,6,11,32
335,7,7,22
335,8,11,30
335,9,5,19
335,10,11,37
335,11,7,24
335,12,0,10
336,0,0,13
336,1,5,25
336,2,5,23
336,3,6,23
336,4,2,23
336,5,3,26
336,6,4,19
336,7,6,18
336,8,1,22
336,9,1,14
336,10,6,17
336,11,0,20
337,0,0,9
337,1,10,19
337,2,9,31
337,3,5,25
337,4,2,17
337,5,7,25
337,6,6,24
337,7,1,6
337,8,0,14
337,9,3,19
337,10,3,18
338,0,11,41
338,1,6,19
338,2,1,15
338,3,0,10
338,4,0,14
338,5,2,32
338,6,2,18
338,7,2,17
338,8,9,28
338,9,10,35
338,10,2,26
338,11,9,24
338,12,7,34
338,13,0,30
338,14,11,34
339,0,3,7
339,1,2,8
339,2,1,10
339,3,2,10
339,4,1,9
339,5,1,6
340,0,1,28
340,1,4,18
340,2,11,26
340,3,1,27
340,4,5,33
340,5,10,23
340,6,10,23
340,7,11,28
340,8,9,34
340,9,4,23
340,10,5,23
340,11,0,10
340,12,8,26
340,13,6,23
341,0,3,21
341,1,0,28
341,2,12,24
341,3,2,33
341,4,3,17
341,5,15,35
341,6,8,22
341,7,9,17
341,8,9,36
341,9,12,23
341,10,8,38
341,11,7,25
341,12,7,22
341,13,1,17
341,14,6,37
341,15,6,34
342,0,3,19
342,1,9,17
342,2,1,20
342,3,5,20
342,4,6,25
342,5,3,18
342,6,4,13
342,7,7,14
342,8,6,23
342,9,1,21
343,0,6,17
343,1,7,19
343,2,5,26
343,3,4,25
343,4,5,30
343,5,7,19
343,6,2,20
343,7,3,24
343,8,3,21
343,9,2,18
343,10,8,31
343,11,10,23
343,12,0,13
344,0,9,16
344,1,0,22
344,2,6,25
344,3,8,14
344,4,5,22
344,5,4,17
344,6,9,25
344,7,4,26
344,8,7,12
344,9,10,17
344,10,8,18
345,0,0,3
345,1,1,7
345,2,1,8
345,3,0,12
345,4,3,15
345,5,3,13
346,0,0,2
346,1,2,7
346,2,2,9
346,3,2,5
347,0,1,13
347,1,4,16
347,2,1,8
347,3,2,5
347,4,6,19
347,5,4,14
347,6,3,15
348,0,7,23
348,1,1,12
348,2,8,16
348,3,1,17
348,4,5,10
348,5,0,18
348,6,3,14
348,7,1,12
348,8,3,13
349,0,6,36
349,1,1,20
349,2,9,40
349,3,16,41
349,4,12,39
349,5,13,24
349,6,1,17
349,7,2,32
349,8,1,26
349,9,11,44
349,10,13,26
349,11,11,30
349,12,13,37
349,13,5,32
349,14,0,20
349,15,14,30
349,16,14,38
350,0,0,21
350,1,1,9
350,2,7,13
350,3,5,19
350,4,8,28
350,5,7,16
350,6,9,27
350,7,7,16
350,8,10,33
350,9,5,21
350,10,11,20
350,11,6,12
351,0,0,7
351,1,3,15
351,2,5,19
351,3,5,12
351,4,5,19
351,5,0,12
351,6,2,18
351,7,1,13
352,0,2,8
352,1,2,8
352,2,1,5
352,3,4,10
352,4,3,9
352,5,4,12
353,0,3,8
353,1,0,5
353,2,1,5
353,3,1,6
354,0,9,37
354,1,10,40
354,2,3,31
354,3,3,22
354,4,5,32
354,5,5,35
354,6,3,31
354,7,9,25
354,8,13,21
354,9,14,39
354,10,4,19
354,11,1,24
354,12,4,21
354,13,6,34
354,14,7,21
355,0,5,35
355,1,14,41
355,2,4,15
355,3,4,13
355,4,1,26
355,5,8,24
355,6,14,39
355,7,2,24
355,8,8,44
355,9,4,24
355,10,9,29
355,11,17,42
355,12,13,34
355,13,14,43
355,14,8,19
355,15,4,35
355,16,15,34
355,17,17,49
356,0,12,39
356,1,1,27
356,2,13,38
356,3,13,28
356,4,4,34
356,5,0,18
356,6,6,15
356,7,11,26
356,8,10,42
356,9,4,39
356,10,15,26
356,11,9,37
356,12,13,48
356,13,1,35
356,14,1,21
356,15,5,18
356,16,17,50
356,17,15,31
357,0,0,8
357,1,1,8
357,2,2,10
357,3,1,3
358,0,4,6
358,1,4,7
358,2,0,8
358,3,1,3
358,4,3,6
359,0,7,27
359,1,0,7
359,2,3,13
359,3,8,27
359,4,4,15
359,5,8,32
359,6,0,20
359,7,1,13
359,8,6,16
359,9,4,20
359,10,5,22
359,11,2,9
360,0,5,10
360,1,5,17
360,2,2,10
360,3,1,6
360,4,5,11
360,5,5,9
361,0,6,30
361,1,8,24
361,2,10,33
361,3,0,11
361,4,6,12
361,5,4,12
361,6,1,14
361,7,8,19
361,8,6,22
361,9,5,16
361,10,8,28
361,11,3,20
362,0,1,18
362,1,4,31
362,2,5,22
362,3,14,47
362,4,6,19
362,5,13,22
362,6,5,20
362,7,13,31
362,8,14,29
362,9,14,39
362,10,8,40
362,11,5,20
362,12,0,19
362,13,8,37
362,14,2,23
362,15,4,24
362,16,7,32
363,0,1,10
363,1,10,33
363,2,13,23
363,3,4,38
363,4,9,22
363,5,6,35
363,6,16,42
363,7,2,32
363,8,4,21
363,9,3,35
363,10,2,30
363,11,9,21
363,12,13,30
363,13,11,45
363,14,6,32
363,15,12,38
363,16,10,32
364,0,3,28
364,1,5,29
364,2,1,13
364,3,12,23
364,4,8,31
364,5,7,23
364,6,12,25
364,7,13,33
364,8,3,17
364,9,13,34
364,10,9,24
364,11,3,20
364,12,11,19
364,13,9,19
365,0,12,38
365,1,14,28
365,2,6,22
365,3,5,15
365,4,15,27
365,5,5,34
365,6,6,19
365,7,11,38
365,8,15,47
365,9,10,39
365,10,6,27
365,11,10,29
365,12,5,16
365,13,14,43
365,14,8,34
365,15,6,17
366,0,13,32
366,1,8,21
366,2,5,36
366,3,3,16
366,4,10,33
366,5,13,37
366,6,10,36
366,7,15,29
366,8,9,26
366,9,5,35
366,10,4,24
366,11,3,11
366,12,7,22
366,13,13,21
366,14,2,17
366,15,8,39
367,0,3,10
367,1,1,15
367,2,4,22
367,3,11,20
367,4,8,25
367,5,3,11
367,6,8,21
367,7,12,29
367,8,12,24
367,9,10,18
367,10,2,11
367,11,6,18
367,12,7,23
367,13,2,28
368,0,8,21
368,1,6,12
368,2,5,22
368,3,8,13
368,4,5,15
368,5,9,27
368,6,4,23
368,7,7,19
368,8,1,6
368,9,2,17
369,0,0,22
369,1,1,27
369,2,16,46
369,3,14,26
369,4,7,31
369,5,2,23
369,6,16,44
369,7,1,25
369,8,8,32
369,9,11,39
369,10,2,35
369,11,12,27
369,12,3,20
369,13,11,39
369,14,9,25
369,15,14,32
369,16,8,36
369,17,8,27
370,0,5,15
370,1,4,8
370,2,3,6
370,3,5,11
370,4,4,15
370,5,0,8
371,0,6,21
371,1,0,12
371,2,3,19
371,3,3,14
371,4,2,6
371,5,1,17
371,6,2,14
371,7,5,19
372,0,3,19
372,1,7,12
372,2,7,23
372,3,3,8
372,4,7,18
372,5,7,12
372,6,4,12
372,7,3,11
372,8,2,13
373,0,7,20
373,1,7,13
373,2,1,12
373,3,1,16
373,4,0,7
373,5,7,16
373,6,0,11
373,7,2,10
374,0,3,20
374,1,15,25
374,2,14,23
374,3,7,17
374,4,13,44
374,5,14,35
374,6,15,44
374,7,3,36
374,8,6,39
374,9,1,27
374,10,16,29
374,11,13,31
374,12,3,34
374,13,6,16
374,14,0,23
374,15,6,25
374,16,2,33
375,0,7,26
375,1,2,20
375,2,2,16
375,3,9,30
375,4,13,39
375,5,12,31
375,6,14,26
375,7,4,18
375,8,0,8
375,9,3,17
375,10,4,18
375,11,11,38
375,12,14,43
375,13,13,24
375,14,10,34
376,0,4,6
376,1,3,8
376,2,2,10
376,3,3,6
376,4,3,11
377,0,5,13
377,1,11,28
377,2,10,20
377,3,1,14
377,4,10,31
377,5,7,18
377,6,7,15
377,7,11,30
377,8,3,16
377,9,10,24
377,10,0,11
377,11,1,15
377,12,3,9
378,0,10,22
378,1,8,20
378,2,7,22
378,3,9,33
378,4,11,33
378,5,3,11
378,6,10,20
378,7,8,25
378,8,8,32
378,9,8,29
378,10,0,6
378,11,4,19
378,12,4,10
379,0,7,34
379,1,9,18
379,2,9,22
379,3,2,29
379,4,13,32
379,5,1,22
379,6,2,33
379,7,9,27
379,8,6,30
379,9,15,30
379,10,6,33
379,11,14,24
379,12,9,17
379,13,8,23
379,14,7,33
379,15,15,26
380,0,1,5
380,1,2,12
380,2,0,7
380,3,4,7
380,4,5,10
380,5,4,11
381,0,5,39
381,1,15,45
381,2,5,21
381,3,12,27
381,4,14,45
381,5,11,21
381,6,7,22
381,7,13,23
381,8,16,48
381,9,13,42
381,10,5,35
381,11,10,22
381,12,14,42
381,13,7,22
381,14,4,20
381,15,7,27
381,16,7,39
382,0,1,11
382,1,1,9
382,2,2,6
382,3,1,9
382,4,0,4
383,0,12,34
383,1,8,15
383,2,14,39
383,3,5,18
383,4,5,29
383,5,10,19
383,6,12,33
383,7,11,18
383,8,8,35
383,9,1,8
383,10,11,30
383,11,12,35
383,12,2,15
383,13,14,44
383,14,7,25
384,0,4,13
384,1,0,16
384,2,2,10
384,3,8,15
384,4,5,13
384,5,7,15
384,6,4,18
384,7,0,5
384,8,9,17
384,9,5,20
384,10,3,13
385,0,15,37
385,1,10,18
385,2,10,24
385,3,12,23
385,4,12,28
385,5,7,36
385,6,2,26
385,7,9,34
385,8,3,23
385,9,3,32
385,10,8,21
385,11,5,16
385,12,13,42
385,13,7,17
385,14,2,26
385,15,1,34
385,16,7,31
386,0,3,23
386,1,5,21
386,2,5,26
386,3,3,21
386,4,11,22
386,5,9,33
386,6,5,14
386,7,0,8
386,8,10,34
386,9,2,8
386,10,5,21
386,11,10,16
387,0,0,8
387,1,12,28
387,2,7,32
387,3,0,14
387,4,1,10
387,5,10,20
387,6,12,39
387,7,8,17
387,8,6,33
387,9,12,28
387,10,11,28
387,11,1,12
387,12,8,21
387,13,13,23
388,0,0,16
388,1,1,11
388,2,3,13
388,3,7,21
388,4,7,20
388,5,0,8
388,6,5,13
388,7,0,5
389,0,1,5
389,1,4,8
389,2,2,5
389,3,0,12
389,4,4,15
389,5,1,7
390,0,0,2
390,1,1,5
390,2,0,8
390,3,2,10
391,0,6,30
391,1,4,21
391,2,7,15
391,3,9,32
391,4,0,23
391,5,0,6
391,6,0,21
391,7,11,29
391,8,6,30
391,9,7,31
391,10,12,23
391,11,1,21
391,12,7,32
392,0,15,45
392,1,9,26
392,2,0,13
392,3,15,25
392,4,7,35
392,5,0,25
392,6,9,32
392,7,6,38
392,8,11,24
392,9,9,18
392,10,4,36
392,11,8,35
392,12,3,13
392,13,4,12
392,14,4,32
392,15,14,27
393,0,4,29
393,1,3,19
393,2,10,17
393,3,3,19
393,4,3,23
393,5,8,14
393,6,1,22
393,7,8,19
393,8,4,19
393,9,11,22
393,10,11,26
393,11,12,35
393,12,9,35
394,0,8,16
394,1,1,18
394,2,0,10
394,3,7,21
394,4,4,15
394,5,6,13
394,6,8,20
394,7,1,13
394,8,0,20
394,9,6,14
394,10,3,16
395,0,10,39
395,1,13,40
395,2,7,18
395,3,10,26
395,4,3,23
395,5,12,32
395,6,4,11
395,7,9,32
395,8,0,21
395,9,10,38
395,10,11,29
395,11,12,23
395,12,9,31
395,13,6,32
395,14,13,32
396,0,1,18
396,1,7,23
396,2,7,21
396,3,1,14
396,4,5,13
396,5,4,21
396,6,4,17
396,7,8,23
396,8,5,21
397,0,6,12
397,1,5,14
397,2,8,19
397,3,6,10
397,4,7,13
397,5,4,8
397,6,6,11
397,7,3,17
397,8,0,7
398,0,6,29
398,1,9,24
398,2,3,10
398,3,6,18
398,4,1,20
398,5,5,20
398,6,6,16
398,7,9,18
398,8,7,17
398,9,9,21
398,10,4,19
398,11,11,24
399,0,10,18
399,1,0,9
399,2,2,12
399,3,5,14
399,4,11,34
399,5,0,14
399,6,9,28
399,7,11,28
399,8,10,27
399,9,4,34
399,10,3,21
399,11,4,16
399,12,4,18
399,13,8,25
399,14,8,16
400,0,6,7
400,1,14,16
400,2,3,5
400,3,12,14
400,4,19,21
401,0,0,23
401,1,60,104
401,2,21,24
401,3,60,62
401,4,70,73
401,5,23,49
401,6,16,48
401,7,8,11
401,8,39,40
401,9,10,12
401,10,33,75
401,11,18,20
401,12,15,27
401,13,10,40
401,14,56,110
401,15,22,25
401,16,44,46
401,17,61,95
402,0,11,39
402,1,39,40
402,2,8,11
402,3,21,23
402,4,28,35
402,5,32,37
402,6,5,7
402,7,35,41
402,8,6,7
402,9,26,29
403,0,7,8
403,1,11,13
403,2,0,14
403,3,19,20
403,4,15,17
403,5,4,15
404,0,25,47
404,1,3,4
404,2,45,66
404,3,29,63
404,4,46,47
404,5,8,17
404,6,7,31
404,7,43,46
404,8,10,13
404,9,39,42
404,10,7,9
404,11,40,43
404,12,5,6
404,13,29,32
404,14,55,57
404,15,44,79
405,0,8,22
405,1,22,34
405,2,21,36
405,3,28,31
405,4,18,19
405,5,9,31
405,6,9,10
405,7,7,10
405,8,9,12
406,0,32,34
406,1,13,46
406,2,17,28
406,3,6,16
406,4,43,44
406,5,35,64
406,6,8,35
406,7,35,36
406,8,40,66
406,9,37,39
406,10,25,26
407,0,17,20
407,1,3,16
407,2,1,16
407,3,3,4
407,4,17,31
408,0,32,33
408,1,22,45
408,2,9,23
408,3,19,20
408,4,5,20
408,5,10,29
408,6,10,11
408,7,2,5
408,8,1,3
408,9,12,41
409,0,44,47
409,1,41,46
409,2,34,37
409,3,26,27
409,4,42,67
409,5,0,1
409,6,20,33
409,7,27,29
409,8,38,41
409,9,23,49
409,10,39,49
409,11,4,20
410,0,7,18
410,1,14,16
410,2,10,11
410,3,12,17
411,0,19,20
411,1,17,25
411,2,23,26
411,3,8,11
411,4,13,27
411,5,9,10
412,0,18,27
412,1,7,27
412,2,7,8
412,3,6,9
412,4,6,36
412,5,16,22
412,6,10,13
412,7,22,24
412,8,2,5
412,9,15,17
412,10,6,36
413,0,56,68
413,1,38,77
413,2,2,18
413,3,27,29
413,4,34,39
413,5,63,65
413,6,31,40
413,7,56,57
413,8,35,76
413,9,25,28
413,10,11,14
413,11,38,41
413,12,10,11
413,13,11,59
413,14,16,38
413,15,21,23
414,0,4,10
414,1,17,18
414,2,32,34
414,3,40,48
414,4,38,39
414,5,22,25
414,6,11,14
414,7,20,40
414,8,18,19
414,9,52,91
414,10,42,76
414,11,3,6
414,12,9,10
414,13,19,21
414,14,32,35
415,0,45,46
415,1,15,17
415,2,42,47
415,3,40,41
415,4,11,33
415,5,58,61
415,6,66,69
415,7,41,69
415,8,39,42
415,9,22,24
415,10,38,39
415,11,44,47
415,12,6,9
415,13,64,66
415,14,34,36
415,15,60,65
415,16,57,59
416,0,17,25
416,1,15,48
416,2,2,15
416,3,31,36
416,4,37,40
416,5,19,21
416,6,6,14
416,7,36,69
416,8,31,33
416,9,35,48
416,10,12,13
417,0,27,53
417,1,26,54
417,2,15,35
417,3,35,47
417,4,34,36
417,5,21,27
417,6,17,34
417,7,0,13
417,8,32,52
417,9,37,38
418,0,25,46
418,1,3,20
418,2,3,11
418,3,8,16
418,4,4,14
418,5,27,50
418,6,19,20
418,7,10,11
419,0,12,21
419,1,4,7
419,2,6,7
419,3,0,3
419,4,10,13
420,0,25,27
420,1,19,31
420,2,23,29
420,3,27,28
420,4,25,33
420,5,21,24
420,6,25,45
421,0,5,7
421,1,32,35
421,2,45,53
421,3,47,49
421,4,25,63
421,5,45,48
421,6,30,32
421,7,49,51
421,8,52,54
421,9,44,58
421,10,40,61
421,11,6,31
421,12,18,25
421,13,5,16
422,0,15,16
422,1,13,23
422,2,2,5
422,3,6,20
422,4,7,8
423,0,15,17
423,1,4,7
423,2,5,17
423,3,10,12
423,4,8,9
424,0,21,30
424,1,4,27
424,2,31,34
424,3,20,25
424,4,17,20
424,5,36,37
424,6,3,21
424,7,21,39
424,8,20,21
424,9,1,7
425,0,54,62
425,1,52,58
425,2,15,33
425,3,31,33
425,4,49,81
425,5,8,9
425,6,34,35
425,7,47,50
425,8,26,71
425,9,19,26
425,10,39,41
425,11,3,5
425,12,10,11
425,13,53,84
425,14,32,61
426,0,41,42
426,1,24,26
426,2,63,106
426,3,30,73
426,4,10,13
426,5,0,2
426,6,47,66
426,7,13,46
426,8,35,38
426,9,30,35
426,10,6,45
426,11,1,3
426,12,2,5
426,13,53,55
426,14,55,57
426,15,1,4
426,16,15,44
427,0,28,49
427,1,20,63
427,2,5,7
427,3,44,46
427,4,48,55
427,5,46,58
427,6,31,33
427,7,36,37
427,8,31,32
427,9,15,16
427,10,42,67
427,11,30,32
427,12,19,22
427,13,52,53
427,14,15,16
427,15,36,68
427,16,47,48
428,0,1,2
428,1,37,38
428,2,12,41
428,3,44,49
428,4,18,31
428,5,17,20
428,6,5,29
428,7,30,39
428,8,18,19
428,9,22,23
428,10,10,43
428,11,1,3
429,0,8,19
429,1,11,13
429,2,5,13
429,3,3,8
430,0,9,38
430,1,48,79
430,2,45,54
430,3,4,7
430,4,38,78
430,5,59,85
430,6,34,65
430,7,55,98
430,8,18,49
430,9,35,36
430,10,10,31
430,11,50,52
430,12,39,41
430,13,18,45
430,14,25,36
430,15,53,100
431,0,0,3
431,1,16,18
431,2,8,17
431,3,6,21
431,4,17,19
431,5,2,7
432,0,15,35
432,1,17,19
432,2,27,52
432,3,16,17
432,4,5,19
432,5,34,40
432,6,21,24
432,7,31,37
432,8,11,14
433,0,50,62
433,1,20,60
433,2,15,18
433,3,14,15
433,4,35,36
433,5,26,57
433,6,30,62
433,7,50,51
433,8,8,10
433,9,38,78
433,10,16,18
433,11,17,22
433,12,38,40
433,13,0,1
434,0,35,37
434,1,16,23
434,2,20,22
434,3,39,53
434,4,25,45
434,5,28,31
434,6,30,60
434,7,21,23
434,8,8,25
434,9,22,47
434,10,10,12
435,0,13,15
435,1,25,28
435,2,11,12
435,3,5,7
435,4,6,29
435,5,1,4
435,6,12,14
435,7,11,33
436,0,32,33
436,1,27,54
436,2,5,7
436,3,39,72
436,4,19,42
436,5,15,20
436,6,17,33
436,7,3,35
436,8,42,43
436,9,14,38
436,10,28,54
437,0,9,11
437,1,23,38
437,2,16,17
437,3,28,31
437,4,49,50
437,5,54,56
437,6,29,52
437,7,49,85
437,8,0,17
437,9,44,65
437,10,30,33
437,11,34,55
437,12,30,33
437,13,34,37
438,0,26,28
438,1,34,36
438,2,1,2
438,3,17,20
438,4,30,58
438,5,9,12
438,6,37,38
438,7,34,54
438,8,48,55
438,9,30,33
438,10,24,62
438,11,31,63
438,12,48,51
439,0,49,51
439,1,16,19
439,2,17,50
439,3,35,37
439,4,41,43
439,5,39,41
439,6,12,15
439,7,24,26
439,8,6,9
439,9,17,20
439,10,0,37
439,11,7,8
439,12,48,90
439,13,9,27
440,0,23,26
440,1,1,2
440,2,1,14
440,3,31,73
440,4,13,34
440,5,29,70
440,6,0,2
440,7,23,51
440,8,1,43
440,9,34,73
440,10,9,11
440,11,49,63
440,12,17,61
440,13,41,42
440,14,56,59
441,0,9,12
441,1,10,21
441,2,9,20
441,3,16,28
441,4,6,9
442,0,15,24
442,1,1,8
442,2,4,10
442,3,12,17
443,0,13,40
443,1,22,27
443,2,38,41
443,3,21,22
443,4,18,19
443,5,19,21
443,6,33,49
443,7,19,21
443,8,39,49
443,9,14,20
444,0,15,33
444,1,10,13
444,2,22,32
444,3,17,18
444,4,0,1
444,5,21,22
445,0,15,18
445,1,45,82
445,2,11,13
445,3,68,97
445,4,45,46
445,5,29,30
445,6,35,36
445,7,21,33
445,8,4,5
445,9,40,60
445,10,35,78
445,11,8,9
445,12,40,42
445,13,26,28
445,14,24,27
445,15,44,45
445,16,9,12
445,17,35,72
446,0,31,33
446,1,22,40
446,2,12,28
446,3,36,38
446,4,24,40
446,5,12,14
446,6,16,25
446,7,8,32
446,8,26,27
446,9,4,31
447,0,1,24
447,1,32,35
447,2,38,39
447,3,10,19
447,4,37,67
447,5,4,6
447,6,19,22
447,7,26,27
447,8,40,42
447,9,18,19
447,10,19,24
448,0,2,11
448,1,24,25
448,2,30,33
448,3,2,20
448,4,10,30
448,5,31,37
448,6,18,21
448,7,8,10
449,0,13,16
449,1,1,3
449,2,1,3
449,3,9,11
449,4,17,18
449,5,17,19
449,6,28,41
449,7,6,7
449,8,29,41
450,0,42,81
450,1,22,52
450,2,55,56
450,3,20,22
450,4,45,50
450,5,33,34
450,6,13,16
450,7,28,31
450,8,36,45
450,9,36,76
450,10,32,60
450,11,31,32
450,12,33,34
450,13,16,40
451,0,16,17
451,1,12,13
451,2,3,4
451,3,3,17
451,4,1,3
452,0,37,38
452,1,24,27
452,2,22,23
452,3,16,41
452,4,12,14
452,5,26,27
452,6,26,27
452,7,38,47
452,8,35,49
452,9,6,24
453,0,21,22
453,1,11,34
453,2,8,10
453,3,34,56
453,4,11,36
453,5,1,7
453,6,30,44
453,7,23,29
453,8,28,29
453,9,35,60
454,0,59,100
454,1,37,74
454,2,10,12
454,3,8,9
454,4,35,63
454,5,4,6
454,6,45,61
454,7,47,49
454,8,54,63
454,9,39,41
454,10,1,4
454,11,46,49
454,12,24,27
454,13,0,1
454,14,5,6
455,0,15,28
455,1,12,15
455,2,17,28
455,3,10,11
455,4,29,36
455,5,9,11
455,6,26,28
455,7,6,19
456,0,11,13
456,1,44,46
456,2,53,88
456,3,15,30
456,4,56,66
456,5,12,45
456,6,44,45
456,7,3,42
456,8,5,16
456,9,5,8
456,10,2,25
456,11,13,14
456,12,38,55
456,13,57,96
456,14,47,49
456,15,18,28
457,0,12,14
457,1,11,17
457,2,5,22
457,3,11,13
457,4,16,18
457,5,22,25
457,6,22,35
458,0,3,6
458,1,8,19
458,2,13,15
458,3,10,12
459,0,44,65
459,1,34,51
459,2,14,15
459,3,20,46
459,4,15,18
459,5,42,43
459,6,28,38
459,7,8,49
459,8,45,48
459,9,34,37
459,10,47,48
459,11,17,18
459,12,23,41
459,13,42,59
460,0,19,35
460,1,5,22
460,2,39,42
460,3,21,22
460,4,44,46
460,5,23,24
460,6,47,49
460,7,20,38
460,8,27,35
460,9,46,81
460,10,8,31
460,11,16,40
460,12,38,41
461,0,3,6
461,1,11,18
461,2,12,13
461,3,10,21
462,0,19,24
462,1,16,17
462,2,6,16
462,3,2,5
462,4,11,12
463,0,14,15
463,1,7,23
463,2,34,42
463,3,19,22
463,4,32,35
463,5,10,31
463,6,5,13
463,7,0,2
463,8,28,53
463,9,32,34
464,0,18,41
464,1,28,30
464,2,15,32
464,3,20,28
464,4,12,15
464,5,26,47
464,6,19,22
464,7,25,52
464,8,19,29
465,0,35,36
465,1,8,10
465,2,22,23
465,3,32,34
465,4,17,34
465,5,35,37
465,6,4,21
465,7,8,32
465,8,4,6
465,9,16,17
465,10,35,36
466,0,33,36
466,1,23,24
466,2,22,25
466,3,23,24
466,4,2,4
466,5,41,54
466,6,15,48
466,7,2,17
466,8,28,30
466,9,22,25
466,10,41,44
467,0,1,15
467,1,12,20
467,2,4,5
467,3,0,18
467,4,16,18
467,5,20,28
468,0,2,13
468,1,35,41
468,2,13,31
468,3,23,24
468,4,24,27
468,5,6,25
468,6,12,15
468,7,32,33
468,8,2,3
468,9,29,31
469,0,5,20
469,1,33,35
469,2,6,22
469,3,5,6
469,4,32,34
469,5,21,23
469,6,11,14
469,7,24,31
469,8,13,15
470,0,21,24
470,1,18,19
470,2,23,26
470,3,22,25
470,4,8,25
470,5,4,5
471,0,11,13
471,1,14,23
471,2,4,7
471,3,23,26
471,4,23,29
471,5,2,3
472,0,34,37
472,1,0,8
472,2,34,37
472,3,24,27
472,4,40,49
472,5,27,30
472,6,15,18
472,7,26,53
472,8,25,38
472,9,42,53
472,10,23,24
473,0,9,15
473,1,6,11
473,2,24,27
473,3,19,30
473,4,8,9
473,5,11,17
473,6,21,22
473,7,2,5
473,8,39,63
473,9,35,53
474,0,27,59
474,1,34,59
474,2,30,33
474,3,28,56
474,4,39,40
474,5,16,23
474,6,13,14
474,7,39,41
474,8,20,28
474,9,27,30
474,10,28,42
475,0,22,23
475,1,13,35
475,2,23,42
475,3,2,23
475,4,17,26
475,5,21,23
475,6,24,27
475,7,15,16
476,0,4,30
476,1,24,30
476,2,3,27
476,3,20,21
476,4,33,42
476,5,20,23
476,6,25,43
476,7,1,4
476,8,35,37
476,9,27,40
477,0,35,36
477,1,28,29
477,2,39,42
477,3,3,4
477,4,41,74
477,5,23,62
477,6,17,34
477,7,62,64
477,8,42,49
477,9,14,16
477,10,36,59
477,11,14,15
477,12,3,4
477,13,52,79
477,14,36,76
477,15,15,16
477,16,65,66
478,0,3,25
478,1,17,49
478,2,34,36
478,3,18,49
478,4,33,48
478,5,23,31
478,6,8,30
478,7,11,14
478,8,20,23
478,9,14,38
478,10,26,29
479,0,42,52
479,1,27,30
479,2,20,22
479,3,46,48
479,4,59,62
479,5,35,38
479,6,70,72
479,7,25,76
479,8,5,29
479,9,16,19
479,10,58,61
479,11,17,44
479,12,49,51
479,13,19,63
479,14,3,23
479,15,37,72
479,16,25,42
479,17,42,70
480,0,25,26
480,1,26,32
480,2,18,21
480,3,16,43
480,4,19,22
480,5,13,15
480,6,8,30
480,7,12,18
480,8,24,25
481,0,2,3
481,1,0,2
481,2,6,21
481,3,9,10
481,4,20,29
481,5,14,15
482,0,57,86
482,1,46,47
482,2,37,40
482,3,34,36
482,4,53,55
482,5,0,38
482,6,1,17
482,7,35,42
482,8,23,25
482,9,29,66
482,10,28,29
482,11,28,29
482,12,19,21
482,13,45,48
482,14,4,17
483,0,10,13
483,1,1,2
483,2,22,43
483,3,12,24
483,4,11,13
483,5,3,5
483,6,21,24
484,0,36,82
484,1,56,65
484,2,39,56
484,3,38,41
484,4,23,24
484,5,57,96
484,6,0,52
484,7,8,9
484,8,62,69
484,9,71,107
484,10,66,83
484,11,61,64
484,12,33,35
484,13,13,21
484,14,26,29
484,15,39,92
484,16,40,41
484,17,57,59
485,0,8,11
485,1,18,41
485,2,48,49
485,3,48,68
485,4,5,7
485,5,8,47
485,6,4,17
485,7,30,31
485,8,1,2
485,9,44,66
485,10,44,64
485,11,39,57
485,12,35,38
486,0,30,60
486,1,29,47
486,2,28,31
486,3,20,27
486,4,59,80
486,5,21,37
486,6,56,63
486,7,6,8
486,8,24,64
486,9,42,86
486,10,59,93
486,11,29,41
486,12,49,92
486,13,0,1
486,14,16,19
487,0,7,17
487,1,15,17
487,2,18,32
487,3,4,12
487,4,16,19
488,0,15,18
488,1,12,15
488,2,4,10
488,3,14,20
489,0,17,28
489,1,19,20
489,2,15,20
489,3,8,18
489,4,18,25
490,0,10,22
490,1,15,24
490,2,8,23
490,3,10,12
490,4,11,21
491,0,25,26
491,1,35,47
491,2,36,39
491,3,38,40
491,4,19,22
491,5,35,40
491,6,8,9
491,7,12,14
491,8,37,38
491,9,32,41
491,10,12,13
491,11,43,46
492,0,23,65
492,1,11,48
492,2,42,76
492,3,46,81
492,4,43,76
492,5,46,49
492,6,52,61
492,7,2,4
492,8,59,65
492,9,1,12
492,10,35,37
492,11,24,25
492,12,41,68
492,13,49,59
492,14,28,51
493,0,3,13
493,1,26,39
493,2,25,27
493,3,0,20
493,4,9,14
493,5,17,20
493,6,5,12
494,0,28,60
494,1,41,56
494,2,25,26
494,3,38,39
494,4,32,34
494,5,27,28
494,6,12,45
494,7,25,27
494,8,42,59
494,9,29,30
494,10,42,45
495,0,23,26
495,1,21,51
495,2,28,33
495,3,18,47
495,4,16,19
495,5,14,17
495,6,40,53
495,7,24,33
495,8,21,22
495,9,1,4
495,10,0,2
496,0,7,29
496,1,20,22
496,2,20,36
496,3,8,10
496,4,18,21
496,5,24,25
496,6,7,15
496,7,31,33
496,8,11,28
496,9,38,40
497,0,55,90
497,1,50,52
497,2,25,34
497,3,29,43
497,4,18,19
497,5,64,67
497,6,36,37
497,7,44,46
497,8,36,76
497,9,36,72
497,10,31,57
497,11,23,63
497,12,64,86
497,13,51,54
497,14,5,48
497,15,1,4
497,16,66,67
498,0,18,30
498,1,18,26
498,2,33,39
498,3,12,13
498,4,32,35
498,5,5,7
498,6,19,50
498,7,36,52
498,8,16,41
498,9,40,43
498,10,31,52
499,0,34,47
499,1,33,35
499,2,20,23
499,3,28,29
499,4,7,8
499,5,9,22
499,6,20,21
499,7,20,30
499,8,31,32
499,9,26,50
500,0,7,10
500,1,45,47
500,2,31,70
500,3,7,8
500,4,42,43
500,5,30,31
500,6,54,55
500,7,51,83
500,8,12,53
500,9,13,14
500,10,8,24
500,11,29,31
500,12,52,68
500,13,41,44
501,0,8,16
501,1,12,26
501,2,9,24
501,3,10,24
501,4,15,18
502,0,9,25
502,1,16,33
502,2,4,7
502,3,7,13
502,4,4,7
502,5,23,30
503,0,11,34
503,1,37,66
503,2,26,28
503,3,27,29
503,4,36,37
503,5,47,71
503,6,23,34
503,7,26,45
503,8,15,40
503,9,8,9
503,10,18,38
503,11,42,54
504,0,18,19
504,1,20,40
504,2,20,39
504,3,10,30
504,4,22,38
504,5,18,20
504,6,2,5
505,0,18,21
505,1,28,34
505,2,5,18
505,3,32,41
505,4,10,13
505,5,3,13
505,6,12,13
505,7,24,41
505,8,18,33
506,0,7,20
506,1,16,17
506,2,26,40
506,3,19,20
506,4,30,43
506,5,22,25
506,6,27,40
506,7,10,34
507,0,8,13
507,1,1,4
507,2,13,15
507,3,11,13
507,4,9,10
508,0,6,7
508,1,51,78
508,2,27,29
508,3,25,63
508,4,15,56
508,5,5,46
508,6,5,6
508,7,30,51
508,8,14,20
508,9,32,66
508,10,0,22
508,11,3,6
508,12,0,3
508,13,55,71
509,0,31,43
509,1,53,55
509,2,32,35
509,3,20,21
509,4,19,21
509,5,24,25
509,6,55,70
509,7,50,53
509,8,16,17
509,9,38,75
509,10,39,41
509,11,46,90
509,12,8,11
509,13,27,28
509,14,10,13
510,0,7,17
510,1,2,5
510,2,13,28
510,3,3,9
510,4,16,18
511,0,0,34
511,1,65,104
511,2,50,53
511,3,15,18
511,4,31,56
511,5,14,17
511,6,42,71
511,7,32,59
511,8,44,98
511,9,27,77
511,10,0,1
511,11,4,5
511,12,20,23
511,13,67,69
511,14,68,82
511,15,3,43
511,16,66,118
511,17,55,58
512,0,14,22
512,1,47,77
512,2,27,28
512,3,28,34
512,4,45,82
512,5,45,46
512,6,10,22
512,7,29,30
512,8,36,38
512,9,43,45
512,10,8,25
512,11,24,26
512,12,13,14
513,0,11,14
513,1,4,7
513,2,7,18
513,3,14,19
514,0,16,25
514,1,21,24
514,2,21,28
514,3,16,19
514,4,17,20
514,5,10,20
515,0,12,21
515,1,13,15
515,2,11,12
515,3,2,8
516,0,5,8
516,1,8,21
516,2,18,20
516,3,0,10
516,4,4,19
517,0,28,31
517,1,20,22
517,2,25,33
517,3,22,27
517,4,4,6
517,5,18,20
517,6,2,29
517,7,32,35
517,8,15,17
517,9,16,35
518,0,34,36
518,1,61,63
518,2,44,45
518,3,49,51
518,4,41,55
518,5,59,104
518,6,0,1
518,7,40,80
518,8,0,2
518,9,52,58
518,10,21,60
518,11,48,71
518,12,57,58
518,13,38,40
518,14,46,47
518,15,44,82
519,0,5,7
519,1,68,69
519,2,66,78
519,3,27,30
519,4,69,71
519,5,13,14
519,6,47,48
519,7,42,44
519,8,12,13
519,9,26,71
519,10,68,119
519,11,4,24
519,12,37,38
519,13,63,87
519,14,10,23
519,15,51,53
519,16,65,68
519,17,6,9
520,0,52,55
520,1,46,64
520,2,53,85
520,3,63,65
520,4,38,83
520,5,42,51
520,6,52,55
520,7,50,90
520,8,54,57
520,9,40,41
520,10,12,15
520,11,4,12
520,12,45,47
520,13,61,78
520,14,29,70
520,15,31,61
521,0,19,20
521,1,30,56
521,2,28,42
521,3,6,9
521,4,39,40
521,5,2,23
521,6,13,14
521,7,23,51
521,8,28,58
521,9,20,23
521,10,3,15
521,11,24,25
522,0,5,16
522,1,2,3
522,2,8,11
522,3,10,16
523,0,17,37
523,1,23,25
523,2,5,29
523,3,24,25
523,4,24,26
523,5,23,25
523,6,14,33
523,7,30,55
523,8,35,59
524,0,1,20
524,1,6,9
524,2,25,26
524,3,20,25
524,4,13,15
524,5,10,29
524,6,16,19
525,0,48,51
525,1,38,41
525,2,28,43
525,3,45,46
525,4,20,49
525,5,40,83
525,6,29,30
525,7,28,54
525,8,53,88
525,9,41,56
525,10,13,14
525,11,13,14
525,12,48,62
525,13,29,32
525,14,25,59
526,0,13,15
526,1,15,18
526,2,27,46
526,3,1,31
526,4,16,28
526,5,38,53
526,6,16,19
526,7,37,69
526,8,9,32
526,9,46,56
526,10,32,52
526,11,14,53
526,12,13,42
527,0,5,7
527,1,11,18
527,2,15,24
527,3,2,5
528,0,15,42
528,1,4,5
528,2,30,33
528,3,7,9
528,4,10,12
528,5,12,15
528,6,25,27
528,7,33,34
528,8,8,14
529,0,19,20
529,1,9,17
529,2,8,20
529,3,10,21
529,4,17,18
529,5,23,24
530,0,24,46
530,1,33,41
530,2,33,39
530,3,11,50
530,4,36,70
530,5,35,37
530,6,19,36
530,7,0,1
530,8,45,58
530,9,11,42
530,10,8,16
530,11,19,32
530,12,38,53
531,0,7,9
531,1,10,21
531,2,6,15
531,3,2,14
532,0,32,51
532,1,33,36
532,2,30,43
532,3,15,17
532,4,35,52
532,5,25,27
532,6,31,37
532,7,11,12
532,8,17,28
532,9,4,21
533,0,10,13
533,1,11,19
533,2,32,34
533,3,11,13
533,4,2,3
533,5,3,6
533,6,26,48
533,7,31,50
533,8,32,52
534,0,6,20
534,1,19,28
534,2,20,22
534,3,16,27
534,4,25,28
534,5,36,38
534,6,3,28
534,7,28,35
534,8,5,13
534,9,10,13
535,0,29,31
535,1,19,38
535,2,25,27
535,3,19,41
535,4,9,15
535,5,12,15
535,6,23,24
535,7,28,30
536,0,18,38
536,1,7,24
536,2,21,35
536,3,18,21
536,4,27,36
536,5,20,23
536,6,10,12
537,0,30,31
537,1,7,10
537,2,16,36
537,3,30,32
537,4,23,44
537,5,22,23
537,6,12,13
537,7,9,18
538,0,21,24
538,1,39,42
538,2,17,20
538,3,8,11
538,4,30,31
538,5,24,25
538,6,4,20
538,7,41,47
538,8,1,17
538,9,44,47
538,10,4,39
538,11,39,42
538,12,29,36
538,13,13,14
539,0,32,34
539,1,22,24
539,2,13,28
539,3,38,48
539,4,34,37
539,5,14,15
539,6,42,45
539,7,37,40
539,8,9,11
539,9,42,50
539,10,25,26
539,11,15,20
539,12,15,16
540,0,20,23
540,1,6,25
540,2,17,18
540,3,10,46
540,4,37,74
540,5,13,15
540,6,28,29
540,7,24,29
540,8,9,10
540,9,15,16
540,10,23,26
540,11,12,13
540,12,28,52
541,0,17,39
541,1,23,34
541,2,30,33
541,3,24,34
541,4,23,47
541,5,25,48
541,6,11,12
541,7,26,27
542,0,30,48
542,1,9,26
542,2,17,23
542,3,30,48
542,4,9,18
542,5,20,21
542,6,14,27
542,7,29,37
543,0,14,28
543,1,1,19
543,2,0,1
543,3,4,14
543,4,18,20
543,5,1,2
544,0,16,19
544,1,26,43
544,2,6,15
544,3,0,1
544,4,5,6
544,5,26,32
544,6,18,19
544,7,13,16
545,0,40,41
545,1,21,45
545,2,41,64
545,3,28,33
545,4,26,27
545,5,13,16
545,6,35,71
545,7,34,36
545,8,24,30
545,9,32,65
545,10,12,14
545,11,24,43
546,0,4,20
546,1,20,33
546,2,0,13
546,3,14,15
546,4,12,33
546,5,22,25
546,6,14,25
547,0,6,7
547,1,21,22
547,2,2,5
547,3,15,24
547,4,15,17
547,5,30,32
547,6,21,22
547,7,17,19
548,0,32,39
548,1,17,24
548,2,7,17
548,3,3,21
548,4,25,39
548,5,26,27
548,6,31,54
548,7,31,58
548,8,16,17
549,0,8,10
549,1,8,10
549,2,1,7
549,3,9,12
550,0,16,32
550,1,23,35
550,2,12,14
550,3,8,18
550,4,3,11
550,5,0,1
551,0,26,28
551,1,25,27
551,2,17,31
551,3,18,20
551,4,8,38
551,5,28,29
551,6,1,15
551,7,7,8
551,8,15,17
551,9,21,34
552,0,33,34
552,1,10,13
552,2,10,15
552,3,17,20
552,4,5,7
552,5,5,8
552,6,24,27
552,7,17,35
552,8,16,19
552,9,25,26
553,0,43,66
553,1,16,28
553,2,0,3
553,3,29,30
553,4,42,73
553,5,28,34
553,6,12,13
553,7,31,40
553,8,29,32
553,9,29,60
553,10,7,10
554,0,24,27
554,1,15,16
554,2,20,51
554,3,15,18
554,4,24,40
554,5,33,40
554,6,2,27
554,7,26,43
554,8,22,24
554,9,38,55
554,10,0,21
554,11,10,23
555,0,39,42
555,1,32,35
555,2,20,21
555,3,42,43
555,4,10,12
555,5,45,47
555,6,51,80
555,7,44,82
555,8,23,36
555,9,8,11
555,10,24,27
555,11,33,65
555,12,1,34
556,0,24,27
556,1,40,41
556,2,34,36
556,3,1,3
556,4,17,19
556,5,50,53
556,6,51,53
556,7,5,6
556,8,41,72
556,9,9,21
556,10,23,43
556,11,9,45
556,12,25,26
557,0,3,6
557,1,30,31
557,2,18,20
557,3,22,50
557,4,36,65
557,5,5,6
557,6,18,48
557,7,52,62
557,8,24,25
557,9,18,52
557,10,32,34
557,11,34,55
557,12,44,46
557,13,20,22
558,0,42,53
558,1,12,24
558,2,14,17
558,3,22,23
558,4,29,39
558,5,6,8
558,6,32,34
558,7,50,62
558,8,34,37
558,9,15,23
558,10,47,54
558,11,35,44
558,12,31,49
559,0,20,21
559,1,31,62
559,2,25,27
559,3,3,10
559,4,29,37
559,5,12,21
559,6,52,76
559,7,7,8
559,8,55,57
559,9,23,26
559,10,17,20
559,11,35,38
559,12,17,20
559,13,20,22
559,14,2,4
560,0,0,14
560,1,22,30
560,2,41,43
560,3,35,37
560,4,10,13
560,5,2,16
560,6,36,47
560,7,21,42
560,8,11,13
560,9,14,33
560,10,7,39
561,0,20,38
561,1,25,26
561,2,26,43
561,3,5,35
561,4,46,49
561,5,48,51
561,6,3,5
561,7,59,73
561,8,47,48
561,9,16,57
561,10,5,24
561,11,32,53
561,12,30,32
561,13,25,51
561,14,7,10
562,0,3,4
562,1,27,30
562,2,20,32
562,3,2,7
562,4,8,14
562,5,20,44
562,6,27,39
562,7,8,26
563,0,39,74
563,1,54,57
563,2,22,24
563,3,35,37
563,4,46,65
563,5,56,57
563,6,28,30
563,7,15,17
563,8,40,83
563,9,34,35
563,10,41,43
563,11,58,99
563,12,31,37
563,13,22,66
563,14,19,22
564,0,7,39
564,1,8,30
564,2,17,20
564,3,21,23
564,4,46,72
564,5,35,38
564,6,31,42
564,7,28,30
564,8,34,36
564,9,40,51
564,10,16,27
564,11,45,62
565,0,67,113
565,1,40,41
565,2,60,102
565,3,50,85
565,4,51,54
565,5,54,57
565,6,9,41
565,7,22,37
565,8,31,51
565,9,61,79
565,10,19,61
565,11,65,67
565,12,3,5
565,13,5,8
565,14,61,64
565,15,2,40
565,16,47,54
566,0,11,14
566,1,4,17
566,2,11,12
566,3,9,16
566,4,11,12
567,0,4,13
567,1,16,18
567,2,12,18
567,3,14,16
567,4,12,15
568,0,30,33
568,1,29,67
568,2,7,8
568,3,35,37
568,4,23,24
568,5,5,37
568,6,4,52
568,7,35,36
568,8,40,86
568,9,62,64
568,10,10,29
568,11,28,31
568,12,19,42
568,13,8,40
568,14,55,71
568,15,4,5
569,0,37,65
569,1,6,20
569,2,17,19
569,3,26,29
569,4,14,26
569,5,0,1
569,6,28,37
569,7,40,42
569,8,3,5
569,9,12,15
569,10,11,13
569,11,8,10
569,12,26,28
570,0,6,9
570,1,16,17
570,2,12,14
570,3,14,16
570,4,14,22
570,5,26,44
570,6,18,20
570,7,26,32
571,0,1,14
571,1,19,21
571,2,20,37
571,3,23,24
571,4,10,26
571,5,16,31
572,0,15,23
572,1,13,24
572,2,8,9
572,3,13,21
573,0,38,58
573,1,35,36
573,2,36,45
573,3,41,46
573,4,44,68
573,5,6,31
573,6,21,47
573,7,44,70
573,8,44,75
573,9,39,40
573,10,43,45
573,11,47,48
574,0,19,34
574,1,3,6
574,2,26,29
574,3,22,35
574,4,17,18
574,5,12,13
574,6,14,31
575,0,7,8
575,1,42,43
575,2,0,42
575,3,26,27
575,4,59,60
575,5,30,48
575,6,59,62
575,7,1,2
575,8,44,64
575,9,37,79
575,10,55,69
575,11,30,46
575,12,31,33
575,13,11,14
575,14,34,68
575,15,18,51
576,0,29,31
576,1,15,18
576,2,24,45
576,3,19,21
576,4,16,24
576,5,10,11
576,6,11,16
576,7,23,46
577,0,39,58
577,1,38,51
577,2,4,19
577,3,17,20
577,4,17,37
577,5,10,15
577,6,38,39
577,7,23,40
577,8,17,26
577,9,30,33
577,10,43,59
578,0,19,39
578,1,6,12
578,2,20,21
578,3,1,19
578,4,15,17
578,5,26,29
578,6,24,36
579,0,14,15
579,1,15,27
579,2,11,12
579,3,8,11
580,0,62,91
580,1,51,54
580,2,34,37
580,3,66,107
580,4,18,41
580,5,17,44
580,6,51,86
580,7,66,81
580,8,55,81
580,9,56,57
580,10,51,82
580,11,33,36
580,12,46,48
580,13,63,66
580,14,41,43
580,15,52,68
580,16,37,39
581,0,24,27
581,1,45,64
581,2,17,19
581,3,16,19
581,4,61,95
581,5,48,50
581,6,51,53
581,7,63,64
581,8,18,34
581,9,63,65
581,10,54,55
581,11,24,55
581,12,6,35
581,13,46,71
581,14,2,19
581,15,37,63
582,0,13,38
582,1,10,11
582,2,10,12
582,3,42,45
582,4,27,28
582,5,30,32
582,6,4,25
582,7,41,63
582,8,19,21
582,9,41,51
582,10,12,14
583,0,9,17
583,1,7,9
583,2,1,2
583,3,10,13
584,0,1,8
584,1,11,13
584,2,8,11
584,3,9,18
585,0,23,32
585,1,17,20
585,2,10,15
585,3,23,24
585,4,22,29
585,5,24,27
585,6,9,10
586,0,26,28
586,1,1,28
586,2,35,37
586,3,28,29
586,4,32,39
586,5,0,3
586,6,37,38
586,7,11,33
586,8,2,17
586,9,35,46
587,0,5,14
587,1,0,5
587,2,6,7
587,3,11,19
588,0,26,27
588,1,19,21
588,2,15,39
588,3,44,47
588,4,19,51
588,5,47,48
588,6,18,20
588,7,12,15
588,8,43,44
588,9,7,14
588,10,23,25
588,11,36,49
588,12,46,49
589,0,10,25
589,1,23,25
589,2,15,23
589,3,17,33
589,4,23,29
589,5,12,15
590,0,3,6
590,1,13,19
590,2,3,6
590,3,11,17
591,0,18,21
591,1,13,14
591,2,21,31
591,3,12,14
591,4,5,6
591,5,3,6
592,0,34,37
592,1,8,10
592,2,38,43
592,3,9,12
592,4,32,50
592,5,27,29
592,6,13,40
592,7,23,38
592,8,26,28
592,9,20,21
593,0,15,29
593,1,11,12
593,2,9,21
593,3,5,7
593,4,4,12
593,5,1,3
594,0,26,52
594,1,25,28
594,2,30,33
594,3,33,42
594,4,34,43
594,5,5,7
594,6,36,37
594,7,3,6
594,8,30,31
594,9,23,35
595,0,3,4
595,1,26,28
595,2,25,54
595,3,38,41
595,4,14,47
595,5,8,19
595,6,45,80
595,7,43,45
595,8,27,51
595,9,2,10
595,10,13,15
595,11,30,54
595,12,13,16
596,0,51,72
596,1,36,46
596,2,31,33
596,3,11,14
596,4,21,44
596,5,40,46
596,6,39,42
596,7,46,78
596,8,11,14
596,9,32,34
596,10,18,20
596,11,11,44
596,12,53,54
596,13,53,90
597,0,23,35
597,1,15,17
597,2,26,38
597,3,21,24
597,4,27,49
597,5,19,33
597,6,34,37
597,7,5,18
597,8,7,8
598,0,10,22
598,1,34,40
598,2,15,34
598,3,5,8
598,4,8,19
598,5,28,47
598,6,15,42
598,7,34,50
598,8,34,36
599,0,49,80
599,1,3,35
599,2,21,42
599,3,40,41
599,4,47,49
599,5,26,28
599,6,38,40
599,7,35,43
599,8,2,5
599,9,19,54
599,10,33,46
599,11,40,54
599,12,22,25
600,0,78,81
600,1,54,58
600,2,49,55
600,3,52,59
600,4,80,85
600,5,76,78
600,6,49,57
600,7,79,83
600,8,77,84
600,9,49,50
600,10,79,85
600,11,49,54
600,12,53,54
601,0,24,32
601,1,5,11
601,2,2,3
601,3,6,8
602,0,6,9
602,1,19,26
602,2,16,23
602,3,18,23
602,4,9,12
602,5,42,47
602,6,16,22
602,7,4,10
602,8,53,61
602,9,5,6
602,10,17,20
603,0,9,13
603,1,73,74
603,2,74,82
603,3,79,85
603,4,77,82
603,5,14,20
603,6,76,84
603,7,8,14
603,8,8,15
603,9,73,74
603,10,10,11
603,11,78,80
603,12,75,81
603,13,76,82
603,14,73,77
603,15,12,15
604,0,0,2
604,1,20,21
604,2,20,26
604,3,19,21
605,0,14,21
605,1,30,33
605,2,37,40
605,3,15,18
605,4,43,47
605,5,31,33
605,6,45,46
605,7,36,38
605,8,12,17
606,0,4,9
606,1,2,3
606,2,7,14
606,3,74,76
606,4,5,6
606,5,7,11
606,6,3,9
606,7,75,79
606,8,7,15
606,9,74,77
606,10,7,14
606,11,76,80
607,0,108,111
607,1,106,110
607,2,75,79
607,3,30,35
607,4,10,15
607,5,108,115
607,6,106,111
607,7,75,82
607,8,111,117
607,9,30,31
607,10,34,36
607,11,32,34
607,12,12,17
607,13,109,116
607,14,73,78
607,15,74,78
607,16,108,114
607,17,107,109
608,0,12,18
608,1,14,22
608,2,17,19
608,3,83,85
608,4,17,20
608,5,85,86
608,6,17,19
608,7,11,18
608,8,11,12
608,9,87,91
608,10,16,20
608,11,12,19
608,12,14,20
608,13,17,19
608,14,14,21
608,15,11,19
608,16,86,94
609,0,16,17
609,1,19,23
609,2,39,41
609,3,35,42
609,4,36,38
609,5,26,28
609,6,26,30
609,7,39,44
609,8,27,34
609,9,30,35
609,10,34,38
610,0,48,50
610,1,45,49
610,2,55,56
610,3,55,57
610,4,43,47
610,5,43,49
610,6,53,59
610,7,45,50
610,8,48,55
611,0,58,64
611,1,53,56
611,2,56,64
611,3,58,59
611,4,36,37
611,5,53,56
611,6,6,11
611,7,57,63
611,8,57,64
612,0,45,47
612,1,18,24
612,2,18,26
612,3,20,23
612,4,42,48
612,5,44,50
612,6,64,70
612,7,44,51
612,8,20,25
612,9,17,19
612,10,47,51
612,11,45,46
612,12,16,17
612,13,47,52
612,14,42,49
612,15,42,49
612,16,43,51
612,17,64,67
613,0,3,8
613,1,7,10
613,2,2,7
613,3,17,22
613,4,10,15
613,5,16,24
614,0,4,11
614,1,17,25
614,2,6,12
614,3,13,17
614,4,3,9
614,5,7,10
614,6,1,9
614,7,2,4
615,0,8,11
615,1,46,48
615,2,9,15
615,3,14,15
615,4,50,58
615,5,48,54
615,6,12,15
615,7,8,13
615,8,47,53
615,9,48,50
615,10,46,48
615,11,45,46
615,12,12,20
615,13,11,14
615,14,10,14
615,15,50,51
616,0,14,19
616,1,15,17
616,2,26,28
616,3,25,26
617,0,49,53
617,1,45,53
617,2,48,56
617,3,49,54
617,4,51,56
617,5,12,20
617,6,34,41
617,7,51,52
617,8,51,54
617,9,37,43
617,10,48,49
617,11,48,55
617,12,38,43
617,13,17,25
617,14,13,14
617,15,35,42
618,0,56,61
618,1,57,62
618,2,59,64
618,3,30,37
618,4,33,34
618,5,36,37
618,6,31,39
618,7,56,59
618,8,33,39
618,9,36,40
618,10,54,61
619,0,61,69
619,1,67,71
619,2,61,68
619,3,67,70
619,4,60,67
619,5,59,63
619,6,62,68
619,7,57,65
619,8,59,67
619,9,65,68
619,10,64,67
619,11,61,66
620,0,34,39
620,1,38,41
620,2,40,44
620,3,23,26
620,4,39,46
620,5,23,24
620,6,39,47
620,7,42,48
620,8,40,43
620,9,35,43
620,10,43,46
620,11,38,40
620,12,27,30
620,13,38,42
621,0,25,28
621,1,23,31
621,2,22,25
621,3,18,21
622,0,62,66
622,1,12,13
622,2,6,10
622,3,11,14
622,4,63,64
622,5,58,60
622,6,57,58
622,7,12,18
622,8,6,13
622,9,6,10
622,10,60,68
622,11,63,66
622,12,7,9
622,13,61,67
622,14,6,8
623,0,15,20
623,1,15,16
623,2,12,14
623,3,12,13
623,4,12,17
623,5,28,35
624,0,44,49
624,1,46,48
624,2,48,55
624,3,85,89
624,4,86,93
624,5,88,89
624,6,47,55
624,7,82,86
624,8,50,56
624,9,51,52
624,10,82,86
624,11,50,52
624,12,49,57
624,13,46,53
624,14,50,54
624,15,87,90
624,16,50,55
624,17,45,51
625,0,13,14
625,1,0,5
625,2,36,42
625,3,30,36
625,4,12,15
625,5,32,36
625,6,2,6
626,0,42,45
626,1,2,3
626,2,30,34
626,3,17,21
626,4,13,14
626,5,37,44
626,6,13,14
626,7,41,49
627,0,7,9
627,1,8,13
627,2,8,13
627,3,9,16
627,4,10,16
627,5,20,24
627,6,20,22
627,7,15,17
627,8,13,21
627,9,15,21
627,10,10,12
627,11,14,17
628,0,21,27
628,1,25,29
628,2,19,25
628,3,24,28
629,0,6,13
629,1,6,14
629,2,45,53
629,3,12,14
629,4,6,14
629,5,8,9
629,6,42,43
629,7,11,16
629,8,41,42
629,9,42,48
629,10,40,47
629,11,8,10
629,12,43,50
629,13,43,47
629,14,41,46
629,15,39,45
629,16,45,47
630,0,22,24
630,1,11,17
630,2,17,21
630,3,22,28
631,0,3,8
631,1,4,12
631,2,6,9
631,3,3,8
631,4,7,8
631,5,2,5
632,0,10,11
632,1,12,17
632,2,9,16
632,3,5,10
632,4,11,15
633,0,8,10
633,1,26,31
633,2,22,23
633,3,13,17
634,0,61,63
634,1,57,61
634,2,15,21
634,3,60,64
634,4,12,13
634,5,16,19
634,6,15,20
634,7,16,23
634,8,61,67
634,9,56,57
635,0,33,40
635,1,41,45
635,2,32,38
635,3,53,56
635,4,53,57
635,5,49,52
635,6,41,43
635,7,47,52
635,8,49,53
635,9,47,48
635,10,34,36
635,11,48,49
635,12,33,38
636,0,83,85
636,1,83,90
636,2,73,77
636,3,67,74
636,4,69,74
636,5,70,74
636,6,73,76
636,7,69,74
636,8,67,69
636,9,73,77
636,10,81,83
636,11,68,73
636,12,73,78
636,13,71,79
637,0,15,17
637,1,81,89
637,2,9,13
637,3,12,13
637,4,81,89
637,5,79,84
637,6,13,20
637,7,14,20
637,8,77,79
637,9,80,82
637,10,77,80
637,11,14,18
637,12,15,18
637,13,78,83
637,14,14,20
638,0,16,21
638,1,105,106
638,2,102,108
638,3,104,111
638,4,105,111
638,5,65,72
638,6,13,16
638,7,19,21
638,8,17,19
638,9,103,111
638,10,99,102
638,11,17,19
638,12,100,101
638,13,64,71
638,14,101,109
638,15,19,21
638,16,17,22
639,0,38,40
639,1,68,75
639,2,34,42
639,3,40,46
639,4,40,42
639,5,71,73
639,6,70,73
639,7,67,68
639,8,42,48
639,9,48,53
639,10,37,41
639,11,37,45
639,12,6,8
639,13,6,8
639,14,46,51
640,0,40,48
640,1,38,39
640,2,70,73
640,3,74,82
640,4,86,93
640,5,39,45
640,6,37,41
640,7,81,83
640,8,34,41
640,9,84,86
640,10,36,39
640,11,40,45
640,12,73,80
640,13,74,81
640,14,85,92
641,0,43,45
641,1,38,44
641,2,39,41
641,3,44,51
641,4,44,46
641,5,42,46
641,6,40,45
641,7,50,55
641,8,44,46
641,9,54,58
642,0,24,30
642,1,20,22
642,2,21,28
642,3,37,40
642,4,22,24
642,5,26,31
642,6,20,23
643,0,36,39
643,1,86,89
643,2,36,37
643,3,86,93
643,4,45,48
643,5,81,83
643,6,35,39
643,7,35,42
643,8,82,83
643,9,30,33
643,10,44,49
643,11,42,50
643,12,36,37
643,13,84,89
643,14,82,87
644,0,32,39
644,1,35,43
644,2,17,23
644,3,21,27
644,4,30,34
644,5,23,28
644,6,21,27
644,7,12,19
645,0,62,66
645,1,48,51
645,2,61,64
645,3,60,64
645,4,66,71
645,5,62,65
645,6,62,66
645,7,60,63
645,8,73,80
645,9,75,83
645,10,76,82
645,11,73,77
645,12,59,66
645,13,62,67
645,14,63,68
645,15,76,77
645,16,76,81
645,17,65,72
646,0,91,99
646,1,89,91
646,2,30,35
646,3,33,34
646,4,35,37
646,5,86,94
646,6,35,42
646,7,31,36
646,8,34,40
646,9,35,42
646,10,30,31
646,11,91,99
646,12,31,37
646,13,88,92
646,14,89,94
646,15,87,91
646,16,35,38
646,17,32,40
647,0,35,43
647,1,33,37
647,2,13,18
647,3,29,30
647,4,59,64
647,5,64,69
647,6,38,43
647,7,39,42
647,8,18,25
647,9,28,32
648,0,21,27
648,1,22,23
648,2,26,34
648,3,25,31
649,0,32,33
649,1,8,13
649,2,49,53
649,3,5,10
649,4,31,33
649,5,48,54
649,6,47,53
649,7,4,9
649,8,30,38
649,9,32,36
649,10,4,5
649,11,5,8
650,0,36,41
650,1,67,69
650,2,34,35
650,3,29,36
650,4,30,31
650,5,67,68
650,6,66,74
650,7,26,31
650,8,30,34
650,9,70,74
650,10,29,36
650,11,27,33
651,0,28,34
651,1,27,35
651,2,7,14
651,3,22,27
651,4,22,27
651,5,6,12
651,6,22,28
651,7,11,13
652,0,10,15
652,1,4,5
652,2,5,7
652,3,4,6
652,4,6,11
653,0,97,99
653,1,13,15
653,2,95,103
653,3,60,64
653,4,63,67
653,5,10,15
653,6,98,105
653,7,96,104
653,8,99,107
653,9,11,15
653,10,66,67
653,11,61,64
653,12,9,10
653,13,12,19
653,14,11,13
653,15,60,68
653,16,15,16
654,0,36,44
654,1,26,27
654,2,47,52
654,3,50,58
654,4,26,34
654,5,50,52
654,6,41,43
654,7,39,45
655,0,18,26
655,1,6,12
655,2,5,9
655,3,15,22
655,4,4,12
655,5,3,10
655,6,7,10
656,0,99,106
656,1,63,65
656,2,65,71
656,3,3,9
656,4,6,14
656,5,59,67
656,6,100,104
656,7,0,6
656,8,45,49
656,9,99,102
656,10,44,52
656,11,63,67
656,12,97,105
656,13,95,101
656,14,62,69
656,15,61,64
656,16,5,10
657,0,10,13
657,1,29,36
657,2,7,11
657,3,7,13
657,4,7,11
657,5,25,33
657,6,8,16
657,7,10,16
657,8,10,14
657,9,6,9
657,10,10,14
657,11,26,30
657,12,9,13
657,13,7,9
657,14,26,31
657,15,10,16
657,16,28,32
658,0,25,33
658,1,56,60
658,2,59,65
658,3,56,63
658,4,22,27
658,5,57,63
658,6,27,32
658,7,22,29
658,8,26,27
658,9,23,31
658,10,25,28
658,11,26,34
659,0,35,36
659,1,29,30
659,2,10,14
659,3,11,19
659,4,29,36
659,5,31,33
660,0,6,14
660,1,95,98
660,2,88,94
660,3,12,17
660,4,15,23
660,5,98,104
660,6,6,7
660,7,10,15
660,8,11,18
660,9,12,17
660,10,97,104
660,11,97,101
660,12,98,103
660,13,97,101
660,14,97,100
660,15,96,100
660,16,8,16
661,0,10,18
661,1,9,11
661,2,13,21
661,3,13,21
662,0,36,38
662,1,35,39
662,2,39,41
662,3,45,53
662,4,39,43
662,5,40,44
662,6,40,43
662,7,38,46
663,0,15,23
663,1,10,17
663,2,14,19
663,3,20,27
664,0,12,14
664,1,11,17
664,2,38,45
664,3,33,37
664,4,33,40
664,5,41,44
664,6,13,15
665,0,41,43
665,1,44,49
665,2,24,31
665,3,38,40
665,4,18,26
665,5,17,18
665,6,37,39
665,7,38,39
665,8,25,31
665,9,40,45
665,10,39,44
665,11,38,41
665,12,39,45
665,13,42,48
666,0,16,20
666,1,7,9
666,2,14,18
666,3,19,21
666,4,14,16
666,5,19,21
666,6,9,13
667,0,21,25
667,1,21,26
667,2,24,25
667,3,26,31
667,4,12,14
668,0,7,12
668,1,80,82
668,2,83,89
668,3,3,4
668,4,4,10
668,5,7,11
668,6,81,88
668,7,78,80
668,8,79,80
668,9,79,85
668,10,78,86
668,11,4,6
668,12,3,10
669,0,63,69
669,1,45,51
669,2,60,64
669,3,48,50
669,4,49,54
669,5,38,41
669,6,44,51
669,7,47,48
669,8,64,65
669,9,59,65
669,10,42,44
669,11,44,47
669,12,41,47
670,0,13,14
670,1,13,20
670,2,18,19
670,3,15,19
670,4,12,19
670,5,16,23
670,6,13,14
670,7,13,14
670,8,15,22
670,9,11,17
671,0,17,21
671,1,11,12
671,2,26,33
671,3,15,16
672,0,94,98
672,1,9,11
672,2,5,10
672,3,26,29
672,4,95,98
672,5,5,12
672,6,30,31
672,7,99,102
672,8,94,98
672,9,94,96
672,10,6,11
672,11,3,5
672,12,7,12
672,13,5,13
672,14,7,12
672,15,9,15
672,16,100,108
672,17,7,10
673,0,39,40
673,1,40,44
673,2,58,59
673,3,45,49
673,4,53,60
673,5,54,56
673,6,41,44
673,7,39,42
673,8,42,47
673,9,41,46
673,10,44,48
673,11,56,61
673,12,45,52
673,13,40,43
673,14,56,61
673,15,55,61
674,0,19,22
674,1,22,23
674,2,15,21
674,3,26,31
675,0,13,18
675,1,35,36
675,2,6,9
675,3,33,34
675,4,7,8
675,5,8,14
675,6,38,45
675,7,13,21
675,8,7,12
675,9,12,13
675,10,14,20
675,11,7,12
675,12,32,37
676,0,64,67
676,1,25,26
676,2,96,100
676,3,98,104
676,4,29,32
676,5,27,35
676,6,29,36
676,7,31,37
676,8,29,32
676,9,25,26
676,10,95,96
676,11,25,27
676,12,27,35
676,13,25,30
676,14,64,67
676,15,96,99
676,16,99,102
676,17,65,72
677,0,10,13
677,1,30,36
677,2,22,25
677,3,21,24
677,4,9,10
678,0,84,88
678,1,83,89
678,2,81,82
678,3,81,85
678,4,86,87
678,5,79,81
678,6,78,80
678,7,81,82
678,8,79,81
678,9,84,88
678,10,82,83
678,11,80,82
678,12,85,88
678,13,82,87
679,0,50,51
679,1,7,13
679,2,53,56
679,3,49,52
679,4,45,48
679,5,60,67
679,6,55,56
679,7,46,49
679,8,41,44
679,9,45,51
679,10,53,59
679,11,50,57
679,12,44,49
680,0,35,38
680,1,70,78
680,2,32,35
680,3,35,36
680,4,69,71
680,5,32,33
680,6,69,76
680,7,30,34
680,8,34,38
680,9,33,39
680,10,35,36
680,11,71,78
681,0,43,48
681,1,48,56
681,2,49,51
681,3,46,51
681,4,44,49
681,5,56,61
681,6,48,52
681,7,43,50
681,8,54,60
681,9,46,54
681,10,47,51
681,11,54,62
681,12,44,52
682,0,51,57
682,1,53,54
682,2,78,84
682,3,8,16
682,4,76,80
682,5,76,84
682,6,85,91
682,7,51,57
682,8,53,60
682,9,51,56
682,10,7,14
682,11,52,59
682,12,81,84
682,13,81,85
682,14,49,54
683,0,3,10
683,1,2,3
683,2,4,11
683,3,1,9
684,0,52,54
684,1,44,45
684,2,46,51
684,3,50,57
684,4,47,53
684,5,39,43
684,6,41,47
684,7,38,39
685,0,1,4
685,1,6,7
685,2,6,9
685,3,6,10
685,4,10,17
686,0,82,84
686,1,83,86
686,2,8,16
686,3,81,88
686,4,5,10
686,5,5,7
686,6,85,89
686,7,4,9
686,8,80,87
686,9,83,85
686,10,3,5
686,11,85,87
686,12,6,8
686,13,4,10
686,14,6,14
686,15,4,12
686,16,82,89
687,0,1,9
687,1,52,55
687,2,18,20
687,3,0,1
687,4,22,30
687,5,50,54
687,6,53,59
687,7,53,59
687,8,1,8
687,9,23,26
687,10,1,6
688,0,15,22
688,1,27,28
688,2,19,26
688,3,31,33
688,4,32,33
689,0,4,8
689,1,5,11
689,2,6,7
689,3,12,15
689,4,8,12
689,5,10,12
689,6,58,63
689,7,1,2
689,8,6,9
689,9,11,16
689,10,56,60
689,11,2,3
689,12,0,5
690,0,29,37
690,1,46,49
690,2,43,47
690,3,46,52
690,4,26,33
690,5,26,29
690,6,70,74
690,7,72,74
690,8,29,36
690,9,27,32
690,10,73,81
690,11,71,79
690,12,31,35
690,13,46,53
690,14,48,53
690,15,68,71
690,16,42,43
690,17,27,30
691,0,65,66
691,1,71,72
691,2,83,87
691,3,65,70
691,4,85,89
691,5,67,75
691,6,67,72
691,7,80,83
691,8,65,69
691,9,82,85
691,10,84,89
691,11,68,73
691,12,83,84
691,13,85,87
692,0,46,47
692,1,41,47
692,2,28,31
692,3,42,43
692,4,23,26
692,5,22,27
692,6,46,48
692,7,28,36
692,8,44,48
692,9,24,30
692,10,26,30
692,11,47,53
692,12,23,27
692,13,24,29
693,0,20,28
693,1,67,71
693,2,54,61
693,3,23,25
693,4,66,71
693,5,64,72
693,6,58,63
693,7,20,22
693,8,24,30
693,9,22,30
693,10,66,74
693,11,54,56
693,12,21,22
694,0,70,76
694,1,72,79
694,2,72,78
694,3,66,72
694,4,27,30
694,5,13,19
694,6,14,22
694,7,15,21
694,8,27,30
694,9,27,32
694,10,27,28
694,11,23,24
695,0,106,114
695,1,108,116
695,2,107,109
695,3,16,22
695,4,16,20
695,5,101,108
695,6,103,110
695,7,110,118
695,8,101,108
695,9,17,19
695,10,103,109
695,11,108,110
695,12,102,107
695,13,16,24
695,14,106,114
695,15,18,23
695,16,15,17
695,17,100,104
696,0,6,14
696,1,28,31
696,2,26,28
696,3,7,12
696,4,5,9
696,5,22,24
696,6,31,35
696,7,27,34
696,8,28,29
696,9,26,30
696,10,28,36
696,11,24,29
696,12,20,27
697,0,33,37
697,1,33,35
697,2,35,37
697,3,24,31
697,4,24,25
697,5,30,37
698,0,55,58
698,1,57,64
698,2,58,59
698,3,3,8
698,4,3,6
698,5,8,13
698,6,7,10
698,7,5,10
698,8,8,10
698,9,8,11
698,10,8,13
698,11,3,4
698,12,3,10
698,13,4,9
698,14,9,16
699,0,32,39
699,1,35,41
699,2,29,30
699,3,31,37
699,4,15,18
699,5,12,15
699,6,34,41
700,0,51,53
700,1,3,5
700,2,6,7
700,3,6,13
700,4,48,54
700,5,2,4
700,6,48,52
700,7,50,54
700,8,5,10
700,9,8,10
701,0,14,22
701,1,11,16
701,2,16,18
701,3,19,20
701,4,16,23
701,5,14,18
701,6,19,25
702,0,14,19
702,1,4,8
702,2,6,8
702,3,20,22
702,4,2,10
703,0,11,14
703,1,10,18
703,2,9,10
703,3,14,18
704,0,60,63
704,1,54,58
704,2,59,61
704,3,38,40
704,4,37,44
704,5,58,66
704,6,54,62
704,7,41,43
704,8,42,44
704,9,37,38
704,10,37,44
704,11,41,43
705,0,8,12
705,1,25,31
705,2,12,16
705,3,10,14
705,4,10,11
705,5,37,44
705,6,15,20
705,7,23,30
705,8,26,27
706,0,66,72
706,1,67,68
706,2,23,27
706,3,75,80
706,4,27,31
706,5,57,60
706,6,28,32
706,7,64,66
706,8,65,66
706,9,74,81
706,10,24,31
706,11,58,63
706,12,65,72
707,0,17,23
707,1,19,25
707,2,12,20
707,3,14,17
708,0,26,31
708,1,23,27
708,2,5,10
708,3,8,9
709,0,23,26
709,1,25,30
709,2,66,74
709,3,67,75
709,4,59,63
709,5,21,24
709,6,26,31
709,7,21,27
709,8,20,22
709,9,71,73
709,10,68,71
709,11,22,24
710,0,74,79
710,1,47,55
710,2,90,97
710,3,90,95
710,4,32,40
710,5,75,78
710,6,78,86
710,7,33,38
710,8,91,97
710,9,75,79
710,10,30,34
710,11,31,39
710,12,87,92
710,13,90,96
710,14,78,86
710,15,77,79
711,0,34,38
711,1,34,37
711,2,17,24
711,3,30,36
711,4,30,35
711,5,13,16
711,6,1,3
711,7,15,21
711,8,30,32
711,9,32,38
711,10,0,2
711,11,36,43
711,12,2,4
712,0,12,15
712,1,33,37
712,2,34,40
712,3,4,12
712,4,32,39
712,5,3,7
712,6,4,9
712,7,3,9
713,0,37,45
713,1,40,42
713,2,33,37
713,3,38,39
713,4,39,40
713,5,29,35
713,6,36,42
713,7,35,41
713,8,39,45
714,0,1,7
714,1,6,9
714,2,27,31
714,3,51,58
714,4,38,46
714,5,6,9
714,6,3,11
714,7,2,5
715,0,10,17
715,1,58,65
715,2,31,38
715,3,42,49
715,4,4,6
715,5,8,14
715,6,32,33
715,7,8,10
715,8,5,7
715,9,40,41
715,10,58,59
716,0,14,20
716,1,110,115
716,2,14,20
716,3,15,20
716,4,107,113
716,5,81,86
716,6,82,88
716,7,68,75
716,8,106,112
716,9,109,113
716,10,78,80
716,11,70,74
716,12,17,18
716,13,69,70
716,14,109,111
716,15,71,76
716,16,69,74
716,17,109,116
717,0,32,35
717,1,39,47
717,2,33,34
717,3,26,29
717,4,34,35
717,5,29,30
717,6,40,48
717,7,29,35
717,8,24,26
718,0,28,33
718,1,19,24
718,2,26,27
718,3,17,21
718,4,18,19
718,5,28,31
718,6,21,24
718,7,21,29
718,8,18,23
718,9,23,28
718,10,28,35
719,0,61,62
719,1,63,70
719,2,7,10
719,3,63,68
719,4,42,50
719,5,36,39
719,6,39,44
719,7,63,64
719,8,59,65
719,9,8,14
719,10,57,59
719,11,59,63
719,12,60,64
719,13,11,13
719,14,10,17
719,15,62,66
719,16,36,40
720,0,13,21
720,1,45,46
720,2,12,17
720,3,44,45
720,4,39,43
720,5,20,24
720,6,12,15
721,0,47,54
721,1,46,52
721,2,4,8
721,3,45,50
721,4,6,12
721,5,4,5
721,6,69,72
721,7,49,55
721,8,7,8
721,9,6,7
721,10,73,75
721,11,69,73
722,0,93,94
722,1,92,97
722,2,93,95
722,3,24,26
722,4,87,89
722,5,94,101
722,6,85,87
722,7,93,94
722,8,85,90
722,9,23,25
722,10,93,98
722,11,18,25
722,12,89,91
722,13,18,22
722,14,88,92
722,15,90,97
722,16,88,94
722,17,20,23
723,0,29,34
723,1,27,29
723,2,30,32
723,3,27,29
723,4,27,28
724,0,30,32
724,1,31,38
724,2,34,36
724,3,35,39
724,4,34,35
724,5,37,41
724,6,35,37
724,7,32,34
724,8,29,34
725,0,36,38
725,1,35,40
725,2,39,40
725,3,38,40
725,4,33,41
725,5,73,74
725,6,78,81
725,7,37,43
725,8,39,42
725,9,39,46
725,10,36,37
725,11,39,41
725,12,77,85
725,13,75,78
726,0,65,69
726,1,68,71
726,2,58,61
726,3,68,71
726,4,54,61
726,5,66,71
726,6,65,70
726,7,58,65
726,8,70,72
726,9,65,72
726,10,46,47
727,0,36,42
727,1,35,42
727,2,32,33
727,3,30,38
727,4,31,32
728,0,44,46
728,1,61,62
728,2,46,51
728,3,40,44
728,4,61,69
728,5,43,44
728,6,48,52
728,7,47,48
728,8,43,48
728,9,44,46
728,10,41,42
728,11,46,47
729,0,14,19
729,1,8,9
729,2,8,12
729,3,9,10
730,0,67,70
730,1,28,32
730,2,66,72
730,3,70,71
730,4,62,65
730,5,24,27
730,6,67,74
730,7,70,71
730,8,69,70
730,9,71,78
730,10,27,29
730,11,62,67
731,0,8,16
731,1,33,34
731,2,9,12
731,3,30,32
731,4,8,11
732,0,24,30
732,1,36,42
732,2,20,27
732,3,29,35
732,4,20,25
732,5,24,30
732,6,22,25
732,7,21,27
732,8,29,34
732,9,24,26
732,10,23,25
732,11,19,20
733,0,25,29
733,1,26,31
733,2,29,35
733,3,2,7
734,0,2,10
734,1,24,30
734,2,4,11
734,3,21,23
734,4,15,21
734,5,5,10
735,0,4,10
735,1,14,15
735,2,18,23
735,3,17,22
735,4,7,10
735,5,8,13
735,6,4,11
735,7,13,19
735,8,8,11
735,9,12,15
735,10,17,22
735,11,9,16
735,12,13,15
735,13,17,23
735,14,7,8
736,0,50,56
736,1,50,51
736,2,10,17
736,3,46,52
736,4,50,56
736,5,48,55
736,6,13,19
736,7,6,8
736,8,4,6
736,9,46,54
736,10,14,15
736,11,14,16
736,12,49,55
736,13,8,14
736,14,66,73
737,0,31,38
737,1,36,43
737,2,52,57
737,3,53,58
737,4,31,36
737,5,56,62
737,6,21,28
737,7,36,43
737,8,52,54
737,9,26,29
737,10,49,50
737,11,49,51
737,12,54,59
738,0,63,68
738,1,19,25
738,2,65,67
738,3,66,67
738,4,14,17
738,5,17,23
738,6,14,22
738,7,16,20
738,8,18,26
738,9,18,24
738,10,19,24
738,11,15,21
739,0,73,77
739,1,27,29
739,2,78,84
739,3,72,78
739,4,76,78
739,5,75,83
739,6,72,73
739,7,27,30
739,8,81,83
739,9,22,23
739,10,67,69
739,11,70,78
739,12,76,80
739,13,72,78
739,14,73,76
739,15,74,81
740,0,55,60
740,1,58,64
740,2,54,60
740,3,59,67
740,4,63,71
740,5,62,70
740,6,58,65
740,7,58,63
740,8,63,64
740,9,57,61
740,10,56,58
740,11,58,62
740,12,52,55
740,13,58,62
740,14,55,58
741,0,27,28
741,1,28,33
741,2,31,39
741,3,7,10
741,4,8,12
741,5,45,52
741,6,33,40
741,7,32,37
741,8,33,34
741,9,27,28
742,0,6,12
742,1,13,14
742,2,10,17
742,3,11,12
742,4,13,15
742,5,11,12
742,6,8,11
742,7,7,9
742,8,12,13
742,9,6,10
742,10,6,11
743,0,4,9
743,1,10,14
743,2,80,82
743,3,77,84
743,4,76,81
743,5,10,13
743,6,8,14
743,7,10,13
743,8,80,87
743,9,77,79
743,10,75,76
743,11,10,18
743,12,78,82
744,0,48,49
744,1,53,58
744,2,28,34
744,3,48,53
744,4,27,33
744,5,26,30
744,6,48,51
744,7,46,48
744,8,28,34
744,9,49,51
744,10,46,51
745,0,5,8
745,1,11,15
745,2,8,15
745,3,10,14
746,0,37,40
746,1,57,59
746,2,59,62
746,3,17,21
746,4,19,26
746,5,41,49
746,6,60,62
746,7,17,25
746,8,58,62
746,9,60,68
746,10,41,44
746,11,39,40
747,0,62,68
747,1,12,19
747,2,64,72
747,3,17,20
747,4,21,29
747,5,14,15
747,6,19,21
747,7,61,65
747,8,63,65
747,9,14,22
747,10,65,70
747,11,61,69
747,12,18,20
747,13,16,23
747,14,65,69
747,15,18,24
747,16,63,69
748,0,60,67
748,1,64,65
748,2,58,63
748,3,62,66
748,4,59,64
748,5,61,63
748,6,24,30
748,7,62,66
748,8,51,54
748,9,51,53
748,10,20,22
748,11,22,29
748,12,23,28
748,13,52,57
748,14,63,71
748,15,54,62
749,0,17,18
749,1,18,20
749,2,18,21
749,3,27,31
749,4,22,25
749,5,27,28
749,6,21,26
750,0,28,34
750,1,32,34
750,2,29,36
750,3,33,40
750,4,61,64
750,5,8,10
750,6,57,59
750,7,31,37
750,8,31,34
750,9,61,65
750,10,5,10
751,0,37,41
751,1,51,55
751,2,51,52
751,3,38,44
751,4,52,53
751,5,39,46
751,6,36,40
751,7,38,43
751,8,48,56
752,0,16,24
752,1,11,13
752,2,8,16
752,3,9,14
752,4,8,16
753,0,14,22
753,1,60,61
753,2,10,12
753,3,14,20
753,4,79,80
753,5,13,19
753,6,80,86
753,7,14,16
753,8,76,79
753,9,16,22
753,10,65,71
753,11,11,13
753,12,78,79
753,13,16,23
754,0,59,64
754,1,35,39
754,2,35,39
754,3,63,66
754,4,84,91
754,5,36,39
754,6,60,62
754,7,86,93
754,8,61,64
754,9,60,61
754,10,63,65
754,11,86,92
754,12,83,89
754,13,32,35
754,14,35,36
755,0,20,23
755,1,20,25
755,2,83,89
755,3,15,18
755,4,18,23
755,5,17,18
755,6,86,94
755,7,41,42
755,8,82,86
755,9,21,29
755,10,20,21
755,11,21,22
755,12,83,86
755,13,85,90
755,14,40,44
755,15,18,26
755,16,84,88
756,0,12,18
756,1,13,17
756,2,53,56
756,3,47,51
756,4,15,23
756,5,44,48
756,6,14,22
756,7,46,49
756,8,53,58
756,9,14,17
756,10,56,60
756,11,13,14
757,0,55,61
757,1,53,55
757,2,55,61
757,3,53,60
757,4,50,54
757,5,55,59
757,6,91,92
757,7,50,52
757,8,52,55
757,9,52,57
757,10,92,95
757,11,93,97
757,12,49,54
757,13,50,55
757,14,49,55
757,15,53,57
757,16,95,96
757,17,50,53
758,0,36,43
758,1,30,38
758,2,24,25
758,3,51,57
758,4,24,30
758,5,23,24
758,6,48,50
758,7,24,31
758,8,31,33
758,9,22,27
758,10,51,53
758,11,49,50
758,12,36,43
758,13,35,38
758,14,23,27
759,0,37,38
759,1,43,45
759,2,39,47
759,3,42,44
759,4,77,84
759,5,39,41
759,6,76,84
759,7,36,43
759,8,82,84
759,9,43,45
759,10,42,48
759,11,80,83
759,12,82,86
759,13,42,47
759,14,44,49
759,15,44,50
760,0,10,15
760,1,47,48
760,2,13,16
760,3,46,47
760,4,7,13
760,5,42,48
760,6,43,45
760,7,48,51
760,8,48,50
761,0,10,15
761,1,9,14
761,2,6,11
761,3,20,26
761,4,2,10
761,5,19,24
761,6,2,7
762,0,7,9
762,1,7,10
762,2,11,18
762,3,30,31
762,4,26,31
762,5,31,32
762,6,25,32
762,7,12,15
762,8,6,10
762,9,8,16
763,0,73,81
763,1,77,83
763,2,77,84
763,3,80,83
763,4,76,81
763,5,82,88
763,6,82,84
763,7,76,77
763,8,78,84
763,9,73,76
763,10,72,78
763,11,82,90
763,12,74,80
763,13,78,85
764,0,42,47
764,1,44,47
764,2,46,49
764,3,10,12
764,4,10,14
764,5,10,17
764,6,47,54
764,7,6,7
765,0,78,80
765,1,49,54
765,2,80,86
765,3,79,82
765,4,55,59
765,5,81,84
765,6,77,81
765,7,51,52
765,8,78,80
765,9,55,61
765,10,80,84
765,11,77,80
765,12,51,57
765,13,50,51
765,14,55,62
765,15,80,88
765,16,55,58
765,17,83,86
766,0,17,20
766,1,85,93
766,2,85,86
766,3,8,13
766,4,15,17
766,5,18,25
766,6,18,19
766,7,83,86
766,8,17,23
766,9,87,90
766,10,19,21
766,11,21,23
766,12,86,89
766,13,5,11
766,14,82,88
767,0,53,61
767,1,63,65
767,2,51,56
767,3,63,68
767,4,68,76
767,5,27,29
767,6,49,56
767,7,30,36
767,8,67,68
767,9,68,74
767,10,52,55
767,11,26,28
768,0,13,14
768,1,10,17
768,2,15,22
768,3,10,17
768,4,8,9
768,5,22,23
768,6,11,16
768,7,8,16
769,0,24,25
769,1,8,16
769,2,9,12
769,3,14,18
769,4,17,22
769,5,12,14
769,6,28,29
769,7,15,19
769,8,9,15
770,0,41,49
770,1,41,48
770,2,46,53
770,3,24,25
770,4,45,53
770,5,21,28
770,6,25,31
770,7,45,48
770,8,24,27
770,9,19,26
770,10,62,67
770,11,20,22
770,12,42,49
771,0,15,21
771,1,15,17
771,2,12,13
771,3,10,11
771,4,15,16
771,5,13,18
772,0,28,35
772,1,30,36
772,2,15,20
772,3,19,23
772,4,31,36
772,5,10,11
773,0,19,25
773,1,8,10
773,2,18,23
773,3,15,23
773,4,21,27
773,5,7,15
773,6,20,21
773,7,6,14
773,8,4,10
773,9,15,17
773,10,4,7
773,11,17,25
774,0,14,20
774,1,61,64
774,2,66,68
774,3,60,62
774,4,3,4
774,5,60,62
774,6,50,55
774,7,50,55
774,8,46,47
774,9,64,70
774,10,15,19
775,0,25,32
775,1,29,35
775,2,18,20
775,3,18,23
775,4,30,36
775,5,34,37
775,6,22,24
775,7,34,38
776,0,39,46
776,1,20,21
776,2,21,29
776,3,36,40
776,4,36,41
776,5,38,44
776,6,40,43
776,7,40,42
776,8,17,19
777,0,5,6
777,1,71,76
777,2,7,8
777,3,8,16
777,4,6,7
777,5,6,7
777,6,70,75
777,7,5,11
777,8,8,13
777,9,4,11
777,10,77,81
777,11,75,78
777,12,6,11
777,13,4,6
777,14,77,82
777,15,7,11
777,16,74,81
777,17,76,77
778,0,69,76
778,1,48,55
778,2,53,61
778,3,63,70
778,4,60,67
778,5,61,63
778,6,56,61
778,7,50,56
778,8,51,54
778,9,67,72
778,10,49,50
779,0,95,97
779,1,94,96
779,2,12,13
779,3,77,82
779,4,96,103
779,5,76,77
779,6,18,26
779,7,12,20
779,8,94,98
779,9,15,21
779,10,94,101
779,11,97,99
779,12,15,19
779,13,97,104
779,14,80,83
779,15,94,100
779,16,77,85
779,17,97,105
780,0,17,20
780,1,29,37
780,2,23,24
780,3,19,20
780,4,17,23
781,0,7,8
781,1,14,22
781,2,11,18
781,3,17,20
782,0,94,98
782,1,105,109
782,2,105,106
782,3,106,112
782,4,108,114
782,5,109,111
782,6,99,100
782,7,99,105
782,8,96,100
782,9,99,107
782,10,104,110
782,11,100,102
782,12,104,106
782,13,109,117
782,14,109,115
782,15,105,106
782,16,99,101
782,17,98,104
783,0,52,60
783,1,53,61
783,2,34,38
783,3,39,47
783,4,57,58
783,5,58,63
783,6,53,55
783,7,35,36
783,8,52,55
784,0,23,29
784,1,17,19
784,2,35,37
784,3,33,39
784,4,23,26
784,5,22,30
784,6,36,43
784,7,33,38
784,8,20,27
785,0,14,17
785,1,41,46
785,2,40,48
785,3,36,38
785,4,54,57
785,5,8,16
785,6,53,57
785,7,57,58
785,8,51,58
785,9,55,56
785,10,8,13
786,0,9,10
786,1,20,28
786,2,23,27
786,3,6,7
787,0,12,15
787,1,17,20
787,2,15,17
787,3,16,23
787,4,12,16
787,5,13,21
787,6,11,19
787,7,10,12
788,0,16,20
788,1,13,16
788,2,19,20
788,3,78,82
788,4,57,64
788,5,78,86
788,6,18,22
788,7,52,57
788,8,54,62
788,9,53,55
788,10,16,18
788,11,13,19
788,12,14,21
788,13,56,63
788,14,58,65
788,15,18,19
788,16,54,58
789,0,58,62
789,1,4,5
789,2,11,15
789,3,6,7
789,4,7,8
789,5,10,18
789,6,62,63
789,7,59,64
789,8,57,63
789,9,57,61
789,10,58,60
789,11,58,63
790,0,34,41
790,1,48,54
790,2,49,56
790,3,48,53
790,4,44,45
790,5,47,55
790,6,16,18
790,7,52,53
790,8,19,27
791,0,19,20
791,1,23,25
791,2,29,33
791,3,19,24
791,4,17,20
791,5,29,30
791,6,24,31
791,7,33,37
791,8,16,23
791,9,15,19
792,0,12,13
792,1,17,18
792,2,12,15
792,3,11,13
792,4,69,74
792,5,8,11
792,6,18,26
792,7,72,76
792,8,70,72
792,9,18,21
792,10,73,80
792,11,13,14
792,12,71,78
792,13,18,19
792,14,14,15
793,0,69,72
793,1,65,73
793,2,29,35
793,3,67,69
793,4,53,56
793,5,4,10
793,6,49,50
793,7,69,74
793,8,5,10
793,9,5,10
793,10,48,56
793,11,6,8
794,0,39,41
794,1,37,43
794,2,37,41
794,3,61,68
794,4,36,40
794,5,63,67
794,6,63,70
794,7,40,42
794,8,62,66
794,9,39,44
794,10,60,66
794,11,60,66
794,12,36,43
795,0,99,102
795,1,45,47
795,2,93,98
795,3,100,108
795,4,96,97
795,5,95,103
795,6,99,104
795,7,98,103
795,8,42,50
795,9,47,55
795,10,97,103
795,11,98,102
795,12,41,43
795,13,44,50
795,14,100,103
795,15,94,100
795,16,96,102
795,17,98,103
796,0,31,38
796,1,30,31
796,2,64,72
796,3,63,66
796,4,29,37
796,5,25,28
796,6,25,26
796,7,64,69
796,8,28,30
796,9,29,37
796,10,64,68
796,11,29,36
797,0,35,42
797,1,10,18
797,2,8,11
797,3,10,12
797,4,8,11
797,5,6,8
798,0,40,48
798,1,45,52
798,2,20,27
798,3,44,51
798,4,21,26
798,5,24,26
798,6,40,43
798,7,24,25
798,8,25,33
798,9,25,28
798,10,21,25
798,11,42,45
798,12,43,47
798,13,24,27
798,14,26,32
799,0,8,9
799,1,22,25
799,2,3,8
799,3,29,35
800,0,2,5
800,1,4,5
800,2,6,9
800,3,3,6
800,4,5,6
801,0,4,5
801,1,2,4
801,2,4,5
801,3,2,5
801,4,2,5
801,5,6,9
801,6,0,1
801,7,2,3
801,8,0,3
801,9,6,9
801,10,2,3
801,11,5,6
801,12,5,8
801,13,6,8
801,14,4,6
801,15,5,7
801,16,2,4
802,0,0,3
802,1,6,8
802,2,6,8
802,3,5,7
802,4,2,5
803,0,5,7
803,1,3,5
803,2,3,4
803,3,1,3
803,4,0,3
803,5,1,4
803,6,3,6
803,7,1,4
803,8,5,6
803,9,1,3
803,10,1,2
803,11,2,5
803,12,2,5
803,13,5,6
803,14,2,5
804,0,2,3
804,1,2,5
804,2,0,1
804,3,6,8
804,4,0,2
804,5,5,8
804,6,4,5
804,7,6,8
805,0,0,3
805,1,0,1
805,2,1,3
805,3,2,4
805,4,3,6
805,5,4,5
805,6,2,4
805,7,4,5
805,8,4,6
805,9,3,6
805,10,6,8
806,0,4,6
806,1,1,4
806,2,4,7
806,3,3,5
806,4,5,8
806,5,1,2
806,6,1,4
806,7,0,2
807,0,2,4
807,1,4,5
807,2,6,8
807,3,2,3
807,4,2,4
807,5,2,5
807,6,1,2
807,7,1,4
807,8,3,6
807,9,4,6
807,10,4,5
807,11,2,4
807,12,2,4
808,0,4,6
808,1,5,7
808,2,3,6
808,3,2,4
808,4,5,7
808,5,1,4
808,6,6,8
808,7,4,7
808,8,6,8
808,9,6,9
808,10,2,3
808,11,3,5
808,12,6,8
808,13,4,7
808,14,0,1
808,15,5,6
808,16,5,8
809,0,2,4
809,1,1,4
809,2,3,5
809,3,6,8
810,0,1,3
810,1,6,8
810,2,1,3
810,3,3,4
811,0,6,7
811,1,5,7
811,2,1,3
811,3,4,7
811,4,1,2
811,5,0,2
811,6,0,1
811,7,1,4
811,8,3,5
811,9,1,2
811,10,2,4
811,11,6,9
811,12,3,4
811,13,1,2
811,14,0,3
812,0,4,6
812,1,0,1
812,2,3,5
812,3,3,5
812,4,2,4
812,5,6,7
812,6,4,7
813,0,4,7
813,1,1,2
813,2,5,6
813,3,2,3
813,4,2,5
814,0,2,4
814,1,5,8
814,2,1,2
814,3,0,3
814,4,3,4
814,5,5,7
814,6,2,4
814,7,1,4
814,8,5,6
814,9,0,2
815,0,4,6
815,1,0,2
815,2,5,7
815,3,5,7
815,4,0,2
815,5,4,5
816,0,0,3
816,1,4,7
816,2,1,4
816,3,0,3
816,4,0,1
816,5,0,1
816,6,6,7
816,7,2,4
816,8,6,8
816,9,3,5
816,10,3,4
816,11,1,2
816,12,5,7
816,13,2,5
817,0,6,8
817,1,1,4
817,2,6,8
817,3,6,7
817,4,6,9
817,5,0,2
817,6,1,3
817,7,6,9
817,8,0,3
817,9,5,8
817,10,6,8
817,11,1,4
817,12,6,7
818,0,5,7
818,1,2,3
818,2,6,8
818,3,2,5
818,4,1,4
818,5,3,5
818,6,1,4
819,0,4,6
819,1,1,4
819,2,5,6
819,3,6,7
819,4,3,4
819,5,6,7
819,6,1,2
820,0,5,7
820,1,6,9
820,2,1,3
820,3,4,7
820,4,2,5
820,5,1,4
820,6,1,4
820,7,3,6
820,8,4,5
820,9,4,5
820,10,1,4
820,11,0,1
820,12,5,7
820,13,3,6
821,0,6,9
821,1,3,4
821,2,0,3
821,3,5,7
821,4,4,7
821,5,0,3
821,6,1,4
821,7,3,6
821,8,0,3
821,9,6,8
821,10,5,7
821,11,2,3
821,12,5,8
821,13,0,2
821,14,1,2
821,15,5,8
821,16,5,8
822,0,2,4
822,1,4,5
822,2,3,6
822,3,0,2
822,4,3,5
822,5,1,3
822,6,0,3
822,7,0,3
822,8,0,3
822,9,1,4
822,10,0,1
822,11,6,9
822,12,2,5
822,13,4,7
822,14,5,6
822,15,2,3
822,16,4,5
823,0,3,6
823,1,5,6
823,2,6,9
823,3,6,9
823,4,6,9
823,5,5,6
823,6,6,9
823,7,2,3
823,8,1,2
823,9,0,2
823,10,1,4
823,11,6,7
823,12,1,4
824,0,6,9
824,1,3,6
824,2,4,6
824,3,3,5
824,4,6,7
824,5,2,5
824,6,4,6
825,0,3,6
825,1,5,6
825,2,0,2
825,3,3,6
825,4,2,3
825,5,5,7
825,6,5,8
825,7,0,1
825,8,0,3
825,9,0,2
825,10,5,6
825,11,2,3
825,12,6,7
825,13,6,8
825,14,5,8
825,15,4,6
825,16,3,6
825,17,5,6
826,0,0,3
826,1,3,6
826,2,0,3
826,3,1,2
826,4,2,4
826,5,0,1
826,6,4,7
826,7,5,6
827,0,2,3
827,1,5,6
827,2,4,5
827,3,5,7
827,4,6,9
827,5,3,5
827,6,3,5
827,7,3,5
827,8,3,4
828,0,3,5
828,1,0,2
828,2,0,3
828,3,3,4
828,4,4,6
828,5,0,2
828,6,2,5
828,7,5,7
828,8,2,5
828,9,0,1
828,10,4,7
828,11,1,2
828,12,5,6
828,13,1,4
828,14,1,4
828,15,6,9
828,16,6,7
829,0,3,4
829,1,4,5
829,2,2,3
829,3,2,5
829,4,1,4
829,5,2,4
829,6,4,5
829,7,3,5
829,8,4,6
829,9,3,5
829,10,2,3
829,11,6,9
829,12,1,4
829,13,2,3
829,14,2,4
829,15,0,3
830,0,6,9
830,1,3,4
830,2,1,2
830,3,3,5
830,4,4,6
830,5,4,5
830,6,6,9
830,7,6,8
830,8,4,6
831,0,1,2
831,1,4,5
831,2,0,2
831,3,6,9
831,4,3,4
831,5,0,2
831,6,3,6
831,7,6,8
831,8,4,5
831,9,4,7
831,10,4,5
831,11,4,7
831,12,6,8
832,0,2,3
832,1,3,6
832,2,2,5
832,3,0,3
832,4,5,7
832,5,3,4
832,6,2,5
832,7,5,6
832,8,1,4
832,9,4,6
832,10,5,6
833,0,4,5
833,1,6,9
833,2,4,6
833,3,6,8
833,4,6,8
833,5,0,1
833,6,0,3
833,7,1,4
833,8,6,8
834,0,1,2
834,1,2,4
834,2,1,4
834,3,6,9
834,4,6,7
834,5,4,7
834,6,0,1
834,7,1,4
834,8,0,2
834,9,0,3
835,0,5,8
835,1,0,1
835,2,2,5
835,3,0,2
835,4,1,2
835,5,1,3
835,6,1,2
835,7,2,5
835,8,1,4
835,9,5,8
835,10,4,7
835,11,3,6
835,12,4,6
835,13,3,6
835,14,0,1
835,15,6,7
836,0,0,3
836,1,6,8
836,2,0,1
836,3,1,2
836,4,3,5
836,5,0,1
836,6,4,7
836,7,3,5
836,8,5,6
836,9,4,7
836,10,0,1
836,11,5,7
836,12,6,8
836,13,3,6
836,14,6,8
836,15,6,8
837,0,3,4
837,1,4,5
837,2,5,7
837,3,1,3
838,0,5,6
838,1,3,6
838,2,5,7
838,3,4,5
838,4,3,5
838,5,1,2
839,0,3,6
839,1,6,7
839,2,6,8
839,3,2,4
839,4,3,4
840,0,0,1
840,1,2,5
840,2,6,8
840,3,1,3
840,4,3,4
840,5,1,2
840,6,1,3
841,0,3,6
841,1,1,2
841,2,5,7
841,3,0,2
841,4,2,5
841,5,3,6
841,6,4,5
841,7,4,6
841,8,5,8
841,9,2,3
841,10,1,2
841,11,4,5
841,12,1,3
842,0,1,3
842,1,0,1
842,2,2,5
842,3,1,2
842,4,6,8
842,5,6,7
843,0,1,4
843,1,1,4
843,2,1,4
843,3,0,1
843,4,2,3
843,5,4,6
843,6,6,9
843,7,4,7
843,8,0,3
843,9,6,8
843,10,6,9
844,0,0,3
844,1,3,6
844,2,0,3
844,3,4,6
844,4,5,7
844,5,1,2
844,6,4,7
844,7,4,5
844,8,2,5
844,9,5,6
844,10,4,5
844,11,4,6
844,12,0,3
844,13,2,5
844,14,6,7
845,0,1,3
845,1,2,5
845,2,5,8
845,3,4,6
845,4,2,3
845,5,0,2
846,0,6,8
846,1,1,2
846,2,4,6
846,3,4,5
846,4,6,8
846,5,1,3
846,6,1,2
846,7,0,1
846,8,0,3
846,9,2,4
847,0,3,5
847,1,6,8
847,2,2,3
847,3,6,9
847,4,2,4
848,0,0,3
848,1,6,9
848,2,3,5
848,3,1,3
848,4,2,4
848,5,2,5
849,0,6,8
849,1,1,3
849,2,3,4
849,3,2,3
849,4,1,2
849,5,6,7
849,6,6,8
849,7,5,6
849,8,0,1
849,9,3,5
849,10,3,4
849,11,2,5
849,12,1,2
850,0,4,7
850,1,4,6
850,2,3,5
850,3,4,6
850,4,4,5
850,5,0,3
850,6,5,7
850,7,6,8
850,8,3,6
850,9,5,6
850,10,2,3
850,11,4,6
850,12,3,4
851,0,2,5
851,1,6,9
851,2,6,7
851,3,5,8
851,4,6,9
851,5,3,5
851,6,5,8
851,7,5,8
851,8,2,4
851,9,0,2
851,10,1,3
851,11,5,8
851,12,1,2
851,13,3,6
851,14,5,8
851,15,5,8
852,0,5,6
852,1,6,8
852,2,4,5
852,3,0,1
852,4,2,4
852,5,2,5
852,6,3,5
853,0,4,6
853,1,5,8
853,2,0,2
853,3,1,4
853,4,3,5
853,5,6,8
853,6,4,7
853,7,2,4
853,8,0,1
853,9,3,4
853,10,0,2
853,11,2,5
853,12,1,2
853,13,3,6
853,14,6,7
854,0,5,6
854,1,3,6
854,2,2,5
854,3,6,8
854,4,4,6
854,5,1,4
854,6,3,6
854,7,3,5
854,8,1,2
854,9,0,1
854,10,2,4
854,11,6,7
854,12,0,2
854,13,1,3
854,14,2,5
854,15,0,1
854,16,4,7
854,17,5,8
855,0,5,8
855,1,6,8
855,2,1,4
855,3,0,2
855,4,0,1
855,5,1,3
855,6,3,6
856,0,3,6
856,1,6,7
856,2,2,4
856,3,3,6
856,4,0,1
856,5,5,7
856,6,2,5
856,7,4,5
857,0,0,1
857,1,1,3
857,2,3,4
857,3,2,3
858,0,1,3
858,1,5,7
858,2,2,5
858,3,1,2
858,4,3,5
858,5,2,4
858,6,4,7
858,7,2,3
858,8,0,1
859,0,3,6
859,1,1,4
859,2,5,8
859,3,5,6
859,4,6,7
859,5,5,8
859,6,6,7
859,7,5,6
859,8,6,7
859,9,2,5
859,10,6,9
859,11,5,6
859,12,5,6
860,0,4,6
860,1,6,7
860,2,2,3
860,3,2,4
860,4,0,1
860,5,4,7
860,6,1,3
860,7,4,5
860,8,6,8
860,9,2,5
860,10,3,5
861,0,3,5
861,1,6,7
861,2,0,2
861,3,6,7
861,4,4,5
861,5,5,7
862,0,6,8
862,1,0,3
862,2,6,9
862,3,6,9
862,4,5,7
862,5,0,1
862,6,3,5
862,7,3,4
862,8,0,1
862,9,2,4
862,10,5,7
862,11,4,5
862,12,6,8
862,13,5,7
862,14,3,5
863,0,0,3
863,1,0,3
863,2,3,5
863,3,3,4
864,0,3,4
864,1,3,6
864,2,4,7
864,3,2,4
864,4,5,8
864,5,6,7
864,6,0,2
864,7,2,5
864,8,3,4
864,9,6,8
864,10,1,2
864,11,3,4
864,12,6,8
864,13,1,2
865,0,5,7
865,1,4,7
865,2,0,2
865,3,3,4
865,4,5,7
865,5,5,8
865,6,1,4
865,7,0,2
865,8,0,3
865,9,6,8
865,10,3,5
865,11,4,7
866,0,4,5
866,1,2,5
866,2,3,5
866,3,1,4
866,4,5,7
866,5,0,3
866,6,5,6
866,7,3,4
866,8,3,5
866,9,5,6
866,10,0,1
866,11,4,7
866,12,0,2
866,13,5,8
866,14,3,4
866,15,1,2
867,0,6,9
867,1,1,2
867,2,6,8
867,3,4,7
867,4,6,8
867,5,5,7
867,6,3,6
868,0,5,6
868,1,6,7
868,2,1,2
868,3,6,8
868,4,1,2
868,5,6,8
868,6,0,3
868,7,6,9
868,8,5,7
869,0,4,6
869,1,1,4
869,2,3,4
869,3,1,2
869,4,1,4
869,5,5,6
869,6,4,7
869,7,2,5
869,8,5,6
869,9,3,5
869,10,6,7
869,11,2,5
869,12,1,4
869,13,6,7
870,0,4,7
870,1,0,1
870,2,3,4
870,3,1,3
870,4,0,2
870,5,6,9
870,6,4,5
870,7,6,9
870,8,4,5
870,9,1,4
870,10,0,2
870,11,0,1
870,12,4,6
870,13,5,6
870,14,4,7
870,15,6,7
871,0,5,7
871,1,5,6
871,2,0,2
871,3,3,4
871,4,1,4
871,5,1,2
871,6,2,4
871,7,2,5
871,8,3,5
871,9,4,5
872,0,4,6
872,1,6,8
872,2,0,1
872,3,2,4
872,4,1,2
872,5,0,2
872,6,0,3
872,7,2,3
872,8,2,4
872,9,3,6
872,10,2,3
873,0,0,2
873,1,3,6
873,2,1,2
873,3,5,7
873,4,0,1
873,5,3,4
873,6,1,4
873,7,6,9
873,8,3,6
873,9,0,3
873,10,2,3
873,11,0,1
873,12,1,4
874,0,6,8
874,1,2,4
874,2,6,7
874,3,5,6
875,0,6,7
875,1,3,6
875,2,6,7
875,3,3,5
875,4,3,5
875,5,5,7
876,0,6,9
876,1,3,5
876,2,3,5
876,3,1,2
876,4,5,8
876,5,3,5
876,6,4,7
876,7,0,1
876,8,6,8
876,9,2,5
877,0,0,2
877,1,1,4
877,2,2,5
877,3,3,5
877,4,0,1
877,5,4,7
877,6,3,4
877,7,5,7
877,8,5,7
877,9,0,2
877,10,2,4
877,11,5,6
877,12,5,6
878,0,3,4
878,1,2,5
878,2,5,6
878,3,5,6
879,0,5,7
879,1,4,6
879,2,0,1
879,3,5,7
879,4,4,7
879,5,2,3
879,6,1,4
879,7,1,2
880,0,1,4
880,1,4,6
880,2,4,6
880,3,6,8
880,4,1,2
880,5,5,7
880,6,6,7
880,7,6,9
880,8,2,3
880,9,6,8
880,10,3,6
880,11,0,3
880,12,4,6
881,0,1,4
881,1,3,4
881,2,2,4
881,3,5,8
881,4,1,4
881,5,3,6
881,6,1,3
881,7,0,1
881,8,6,8
881,9,3,5
881,10,6,8
881,11,6,8
881,12,4,6
881,13,6,7
881,14,3,6
881,15,6,9
881,16,1,2
881,17,6,9
882,0,2,5
882,1,0,2
882,2,4,5
882,3,1,3
882,4,2,3
882,5,5,8
882,6,1,4
882,7,3,4
882,8,4,5
882,9,0,3
882,10,6,8
882,11,5,6
882,12,6,9
883,0,6,7
883,1,0,2
883,2,0,1
883,3,1,3
884,0,1,3
884,1,2,5
884,2,3,6
884,3,3,4
884,4,1,4
884,5,1,4
884,6,2,4
884,7,5,8
884,8,1,2
884,9,2,3
884,10,1,2
884,11,2,4
884,12,4,7
884,13,3,6
884,14,0,3
885,0,4,5
885,1,1,4
885,2,2,3
885,3,3,5
885,4,4,6
885,5,3,5
885,6,5,8
885,7,3,4
885,8,2,3
885,9,2,3
886,0,2,5
886,1,0,1
886,2,0,1
886,3,5,6
886,4,6,8
886,5,1,2
887,0,3,6
887,1,4,6
887,2,6,7
887,3,4,6
887,4,6,7
887,5,4,6
888,0,0,2
888,1,1,3
888,2,1,3
888,3,4,5
888,4,1,2
888,5,6,8
888,6,5,8
888,7,0,3
888,8,1,4
888,9,0,3
888,10,4,6
889,0,4,5
889,1,6,7
889,2,5,6
889,3,6,7
890,0,1,3
890,1,2,3
890,2,0,1
890,3,4,5
890,4,6,7
890,5,6,8
891,0,5,8
891,1,4,7
891,2,5,8
891,3,1,3
891,4,2,3
891,5,4,6
891,6,3,6
891,7,1,4
891,8,1,2
891,9,4,7
891,10,1,4
891,11,0,1
891,12,2,5
891,13,2,5
892,0,0,1
892,1,4,5
892,2,5,7
892,3,4,7
892,4,1,4
893,0,6,9
893,1,3,6
893,2,4,7
893,3,1,3
893,4,5,8
893,5,0,2
893,6,6,9
894,0,0,3
894,1,1,2
894,2,3,6
894,3,5,7
894,4,4,7
894,5,5,6
894,6,3,4
894,7,4,6
894,8,2,5
894,9,2,4
894,10,2,5
894,11,5,8
894,12,2,4
894,13,1,2
894,14,1,4
894,15,2,3
894,16,6,9
895,0,5,6
895,1,2,4
895,2,3,4
895,3,4,7
895,4,4,5
895,5,4,5
896,0,5,6
896,1,2,4
896,2,1,4
896,3,0,3
896,4,2,5
896,5,3,4
896,6,1,4
897,0,0,3
897,1,0,1
897,2,2,4
897,3,0,2
897,4,5,6
897,5,3,5
897,6,2,3
897,7,6,9
897,8,3,5
897,9,2,4
898,0,1,4
898,1,0,2
898,2,2,5
898,3,4,5
898,4,3,6
898,5,0,1
898,6,4,7
898,7,4,6
898,8,3,6
898,9,3,5
899,0,4,5
899,1,0,1
899,2,1,3
899,3,0,3
899,4,4,5
899,5,2,4
899,6,0,2
899,7,5,8
899,8,3,4
899,9,6,9
899,10,3,6
899,11,5,7
899,12,6,8
900,0,6,8
900,1,5,7
900,2,6,9
900,3,1,2
900,4,3,5
900,5,4,7
900,6,5,6
900,7,3,6
900,8,6,8
900,9,4,6
900,10,2,4
900,11,1,3
900,12,6,7
901,0,5,8
901,1,1,2
901,2,0,3
901,3,0,3
901,4,6,8
901,5,2,4
901,6,0,2
901,7,1,2
902,0,5,8
902,1,1,2
902,2,6,8
902,3,4,6
902,4,3,5
902,5,5,7
902,6,3,6
902,7,2,5
903,0,0,3
903,1,0,3
903,2,2,3
903,3,4,6
903,4,2,4
903,5,4,5
903,6,5,8
903,7,6,7
903,8,0,1
903,9,2,5
903,10,0,1
903,11,0,1
903,12,2,3
903,13,4,6
903,14,0,1
903,15,5,6
903,16,3,4
903,17,0,2
904,0,3,5
904,1,5,6
904,2,5,8
904,3,3,6
904,4,4,7
904,5,0,3
904,6,0,2
904,7,2,5
904,8,4,6
904,9,6,9
904,10,3,5
904,11,1,2
905,0,2,3
905,1,2,3
905,2,3,4
905,3,6,7
905,4,5,7
905,5,0,3
905,6,2,4
905,7,3,5
905,8,0,1
905,9,1,2
905,10,6,9
905,11,4,6
905,12,4,5
905,13,3,5
905,14,5,8
905,15,2,5
905,16,2,4
905,17,3,6
906,0,2,3
906,1,5,7
906,2,0,3
906,3,2,3
906,4,4,7
906,5,6,8
906,6,0,2
906,7,4,5
906,8,0,3
906,9,1,4
906,10,1,4
906,11,5,7
907,0,3,4
907,1,6,7
907,2,1,3
907,3,6,7
907,4,3,5
907,5,5,8
907,6,2,5
907,7,5,7
907,8,4,5
907,9,6,8
907,10,5,6
907,11,1,4
907,12,0,2
907,13,5,6
907,14,1,3
907,15,3,5
907,16,4,6
907,17,1,3
908,0,2,4
908,1,0,3
908,2,2,5
908,3,0,3
908,4,3,6
908,5,3,6
908,6,6,8
908,7,2,4
908,8,0,3
909,0,3,5
909,1,4,6
909,2,2,4
909,3,3,6
909,4,4,5
909,5,4,7
909,6,5,8
909,7,3,5
909,8,3,4
909,9,4,6
909,10,4,7
909,11,0,1
909,12,2,4
909,13,1,4
909,14,0,3
909,15,0,3
909,16,6,8
910,0,5,8
910,1,6,7
910,2,2,5
910,3,0,1
910,4,0,3
910,5,4,7
910,6,4,6
910,7,4,5
910,8,0,3
910,9,5,7
910,10,6,7
910,11,4,7
911,0,3,5
911,1,6,8
911,2,1,4
911,3,3,6
911,4,5,7
911,5,6,7
911,6,3,6
911,7,1,3
911,8,5,6
911,9,1,2
911,10,6,9
911,11,4,6
911,12,1,3
911,13,1,3
911,14,1,4
911,15,6,8
911,16,3,5
911,17,1,2
912,0,4,5
912,1,1,2
912,2,0,1
912,3,3,5
912,4,6,7
912,5,2,5
912,6,4,6
912,7,4,6
913,0,6,7
913,1,2,4
913,2,1,3
913,3,1,3
913,4,2,5
913,5,0,2
913,6,6,8
913,7,4,5
913,8,2,4
913,9,6,8
913,10,2,3
913,11,2,4
913,12,1,4
914,0,5,8
914,1,0,1
914,2,1,3
914,3,1,4
914,4,6,8
914,5,0,2
914,6,3,6
914,7,6,7
914,8,0,3
914,9,0,1
914,10,3,5
914,11,3,6
915,0,3,5
915,1,1,2
915,2,5,8
915,3,4,7
915,4,4,5
915,5,1,4
915,6,2,4
915,7,3,4
915,8,2,5
915,9,3,5
916,0,1,2
916,1,0,2
916,2,1,2
916,3,1,4
916,4,1,3
916,5,0,1
916,6,5,8
916,7,4,6
916,8,1,2
916,9,1,2
916,10,1,3
916,11,3,6
916,12,6,9
917,0,6,8
917,1,0,1
917,2,0,2
917,3,6,8
917,4,0,3
917,5,1,2
917,6,1,2
917,7,5,7
917,8,4,5
917,9,4,7
917,10,6,7
918,0,3,5
918,1,1,2
918,2,6,9
918,3,5,7
919,0,0,3
919,1,0,1
919,2,5,7
919,3,5,6
919,4,2,5
919,5,4,5
919,6,0,3
919,7,5,8
919,8,1,2
919,9,5,6
919,10,2,5
919,11,2,4
919,12,3,5
919,13,6,8
919,14,5,6
919,15,2,4
919,16,3,4
920,0,4,6
920,1,6,7
920,2,0,3
920,3,4,7
920,4,4,6
920,5,4,6
920,6,6,8
920,7,2,5
920,8,5,8
920,9,0,3
920,10,3,5
920,11,5,6
920,12,2,3
920,13,1,2
920,14,2,5
920,15,1,3
920,16,2,3
921,0,5,7
921,1,6,8
921,2,2,5
921,3,4,6
921,4,0,3
921,5,5,6
921,6,2,3
921,7,4,6
921,8,6,8
921,9,1,4
921,10,1,2
921,11,2,5
921,12,4,5
921,13,2,3
921,14,6,8
921,15,6,7
921,16,4,6
922,0,4,6
922,1,5,6
922,2,0,3
922,3,1,2
922,4,3,5
922,5,6,9
922,6,2,5
922,7,6,9
922,8,3,6
922,9,4,5
922,10,5,8
922,11,3,4
922,12,2,3
922,13,1,2
922,14,6,8
922,15,0,1
922,16,1,2
922,17,2,4
923,0,3,4
923,1,4,6
923,2,0,3
923,3,0,3
923,4,6,8
923,5,2,5
924,0,4,6
924,1,6,9
924,2,5,7
924,3,2,5
924,4,3,5
924,5,1,3
924,6,2,3
924,7,4,5
924,8,2,5
924,9,0,2
924,10,0,2
924,11,6,7
924,12,4,5
924,13,0,3
924,14,1,4
924,15,5,6
924,16,4,7
924,17,6,9
925,0,5,7
925,1,6,8
925,2,2,3
925,3,6,7
925,4,0,2
925,5,1,4
925,6,1,3
925,7,3,4
925,8,3,6
925,9,3,4
925,10,0,2
925,11,4,5
925,12,6,9
925,13,5,8
925,14,6,7
926,0,2,4
926,1,0,1
926,2,5,6
926,3,6,8
926,4,0,3
926,5,3,6
926,6,5,7
926,7,5,6
926,8,0,1
926,9,2,5
926,10,2,5
926,11,1,4
926,12,2,4
926,13,4,5
926,14,4,5
927,0,6,9
927,1,3,4
927,2,5,7
927,3,0,2
928,0,6,9
928,1,2,4
928,2,1,3
928,3,6,7
928,4,4,5
928,5,4,6
928,6,2,3
928,7,0,1
929,0,1,4
929,1,3,6
929,2,5,6
929,3,1,2
929,4,0,2
929,5,2,5
929,6,0,2
929,7,2,5
929,8,0,1
929,9,0,2
930,0,6,9
930,1,0,2
930,2,5,8
930,3,1,3
930,4,5,6
930,5,6,9
930,6,1,4
930,7,1,4
930,8,3,5
930,9,6,8
930,10,5,8
930,11,5,6
930,12,6,7
930,13,5,6
930,14,2,5
930,15,2,4
931,0,4,6
931,1,6,7
931,2,6,7
931,3,0,1
931,4,4,6
931,5,3,6
932,0,6,9
932,1,2,3
932,2,6,8
932,3,3,6
932,4,3,5
932,5,6,9
932,6,1,3
932,7,1,2
932,8,3,5
932,9,2,3
932,10,4,5
933,0,0,2
933,1,6,8
933,2,2,3
933,3,0,2
934,0,5,8
934,1,4,5
934,2,1,3
934,3,3,4
934,4,2,4
934,5,0,1
934,6,1,2
934,7,3,5
934,8,2,3
934,9,4,6
935,0,3,4
935,1,2,3
935,2,0,1
935,3,4,7
935,4,4,6
935,5,0,3
935,6,3,5
935,7,6,8
936,0,3,6
936,1,3,4
936,2,4,5
936,3,5,6
936,4,0,2
936,5,5,6
936,6,5,6
937,0,5,8
937,1,5,8
937,2,4,6
937,3,1,4
937,4,2,5
937,5,4,6
937,6,4,7
937,7,6,9
937,8,3,4
937,9,6,7
937,10,0,1
937,11,4,5
937,12,2,4
937,13,5,8
937,14,4,5
937,15,0,1
937,16,6,8
937,17,2,3
938,0,5,7
938,1,3,6
938,2,1,4
938,3,4,6
938,4,0,2
938,5,1,2
938,6,0,2
938,7,5,8
938,8,1,3
938,9,1,4
938,10,2,3
938,11,5,8
938,12,1,2
939,0,4,5
939,1,1,4
939,2,2,4
939,3,3,5
939,4,5,6
939,5,2,4
939,6,3,4
939,7,4,5
939,8,1,2
940,0,6,9
940,1,1,4
940,2,3,4
940,3,0,2
940,4,1,4
941,0,5,6
941,1,5,7
941,2,5,7
941,3,4,5
941,4,3,4
941,5,5,6
941,6,2,4
941,7,1,4
941,8,3,4
941,9,4,7
941,10,3,4
941,11,2,5
941,12,5,6
941,13,1,4
941,14,0,1
941,15,4,5
941,16,2,5
941,17,2,3
942,0,3,5
942,1,6,9
942,2,6,9
942,3,2,5
942,4,4,6
942,5,1,4
942,6,2,4
942,7,2,5
942,8,5,7
942,9,0,3
943,0,4,6
943,1,6,9
943,2,6,7
943,3,0,1
943,4,0,3
943,5,6,9
943,6,0,1
943,7,1,4
943,8,6,9
943,9,3,5
943,10,2,4
943,11,0,3
943,12,2,5
943,13,5,8
943,14,5,6
943,15,3,6
943,16,4,5
944,0,3,5
944,1,6,7
944,2,6,7
944,3,3,5
945,0,6,9
945,1,0,2
945,2,0,3
945,3,2,3
946,0,4,5
946,1,1,3
946,2,5,8
946,3,3,4
946,4,4,7
946,5,2,4
946,6,2,4
946,7,4,7
946,8,6,8
946,9,5,8
946,10,5,7
946,11,4,7
946,12,5,6
946,13,3,4
946,14,6,9
946,15,5,6
946,16,3,5
947,0,2,5
947,1,1,2
947,2,1,4
947,3,2,4
947,4,6,8
947,5,2,3
947,6,5,6
947,7,2,3
947,8,5,6
947,9,4,7
947,10,5,8
947,11,2,4
947,12,5,7
947,13,0,1
947,14,0,1
948,0,4,5
948,1,1,4
948,2,0,2
948,3,2,4
948,4,4,5
948,5,3,5
948,6,0,2
948,7,2,3
948,8,1,2
948,9,0,1
948,10,2,5
948,11,6,7
948,12,2,4
948,13,2,3
948,14,5,6
949,0,5,7
949,1,1,4
949,2,3,4
949,3,3,4
949,4,1,2
949,5,3,5
949,6,5,7
949,7,0,3
949,8,1,3
949,9,2,5
949,10,5,6
949,11,6,9
949,12,5,7
949,13,4,7
949,14,4,5
949,15,2,5
949,16,2,5
950,0,1,3
950,1,3,6
950,2,1,3
950,3,1,2
950,4,2,3
950,5,2,5
950,6,0,3
950,7,4,7
950,8,0,2
950,9,6,7
950,10,3,5
950,11,1,2
950,12,0,1
950,13,2,5
951,0,1,2
951,1,5,8
951,2,2,4
951,3,5,7
951,4,6,9
952,0,4,6
952,1,1,2
952,2,0,1
952,3,5,7
952,4,0,3
952,5,5,8
952,6,5,8
952,7,5,7
952,8,5,7
952,9,4,5
952,10,0,3
953,0,3,4
953,1,2,3
953,2,6,7
953,3,6,8
953,4,4,7
953,5,0,3
953,6,5,6
953,7,1,4
953,8,4,5
953,9,6,8
953,10,5,7
953,11,0,2
953,12,0,1
953,13,1,2
953,14,4,6
953,15,4,6
954,0,3,5
954,1,6,9
954,2,3,4
954,3,5,7
954,4,0,3
954,5,1,4
954,6,4,5
954,7,5,6
954,8,5,6
954,9,6,8
954,10,6,9
954,11,5,6
954,12,1,4
954,13,0,3
954,14,4,5
954,15,5,8
954,16,4,5
955,0,1,3
955,1,3,5
955,2,1,3
955,3,6,8
955,4,6,8
955,5,4,6
955,6,6,7
955,7,1,3
955,8,0,2
955,9,4,7
955,10,3,4
955,11,6,8
955,12,0,2
955,13,1,4
955,14,2,5
956,0,6,7
956,1,4,6
956,2,2,3
956,3,4,6
956,4,2,3
956,5,1,4
956,6,3,5
957,0,0,3
957,1,1,3
957,2,5,6
957,3,3,4
957,4,2,4
957,5,6,9
957,6,3,6
957,7,1,2
957,8,1,3
958,0,6,8
958,1,5,8
958,2,5,8
958,3,6,7
958,4,5,7
958,5,6,8
958,6,1,4
958,7,4,6
958,8,1,2
959,0,0,3
959,1,1,2
959,2,1,3
959,3,1,2
959,4,6,9
959,5,3,4
959,6,1,3
959,7,3,4
959,8,0,3
959,9,2,4
959,10,5,8
959,11,3,4
959,12,1,2
959,13,6,7
959,14,5,8
959,15,0,3
960,0,5,8
960,1,6,8
960,2,0,3
960,3,3,6
960,4,6,8
960,5,4,7
960,6,1,3
960,7,5,6
960,8,0,2
960,9,4,7
960,10,6,9
960,11,6,9
960,12,6,9
960,13,6,7
960,14,0,1
960,15,6,8
960,16,2,3
960,17,6,8
961,0,5,7
961,1,1,4
961,2,1,2
961,3,2,4
961,4,6,8
961,5,2,5
961,6,3,5
961,7,4,6
961,8,4,6
961,9,4,5
961,10,3,5
961,11,2,5
961,12,5,7
961,13,2,3
961,14,3,6
961,15,2,3
961,16,6,7
961,17,2,4
962,0,0,1
962,1,3,4
962,2,1,3
962,3,6,7
962,4,6,8
962,5,2,5
962,6,5,6
962,7,2,3
962,8,0,1
962,9,1,4
963,0,4,6
963,1,4,7
963,2,6,9
963,3,6,7
963,4,6,8
963,5,1,2
963,6,2,5
963,7,0,1
963,8,3,5
963,9,4,7
963,10,3,5
964,0,4,5
964,1,0,3
964,2,4,6
964,3,3,6
964,4,1,3
964,5,3,4
964,6,0,3
964,7,3,5
964,8,6,8
964,9,4,5
964,10,0,2
965,0,1,4
965,1,1,2
965,2,0,2
965,3,6,7
965,4,2,3
965,5,0,1
965,6,2,5
965,7,0,2
965,8,3,6
965,9,5,6
965,10,2,4
965,11,4,6
965,12,2,4
965,13,2,4
965,14,2,4
965,15,0,2
965,16,3,5
966,0,3,6
966,1,2,3
966,2,3,5
966,3,2,4
966,4,3,5
966,5,4,7
966,6,2,4
966,7,6,8
966,8,3,4
966,9,1,4
966,10,2,4
966,11,3,5
966,12,1,3
966,13,4,5
966,14,0,3
966,15,2,5
967,0,1,3
967,1,6,8
967,2,3,5
967,3,0,1
967,4,4,5
968,0,3,4
968,1,6,8
968,2,1,3
968,3,1,2
968,4,6,7
968,5,3,6
968,6,5,6
968,7,1,3
968,8,1,3
968,9,2,3
968,10,1,3
968,11,3,5
968,12,4,5
968,13,5,6
968,14,6,9
968,15,0,1
968,16,1,3
969,0,4,7
969,1,5,6
969,2,1,2
969,3,1,2
969,4,6,8
969,5,2,5
969,6,2,3
969,7,3,4
969,8,0,2
969,9,1,3
969,10,0,1
969,11,5,8
969,12,2,3
970,0,3,5
970,1,0,1
970,2,2,3
970,3,6,7
970,4,6,7
970,5,0,3
970,6,3,6
970,7,5,8
970,8,0,3
971,0,0,2
971,1,1,4
971,2,4,5
971,3,0,3
971,4,3,6
971,5,3,5
972,0,2,3
972,1,5,7
972,2,1,2
972,3,6,8
972,4,2,5
972,5,1,2
972,6,3,5
972,7,4,6
972,8,0,2
973,0,6,8
973,1,5,7
973,2,0,2
973,3,2,5
973,4,4,6
973,5,6,7
973,6,4,6
973,7,6,7
973,8,2,3
973,9,1,3
973,10,3,5
973,11,3,4
973,12,5,8
974,0,6,8
974,1,2,5
974,2,6,9
974,3,3,4
974,4,3,4
974,5,6,7
974,6,1,3
974,7,3,4
974,8,3,6
974,9,5,8
975,0,1,3
975,1,0,2
975,2,1,4
975,3,3,5
975,4,1,2
976,0,5,6
976,1,1,3
976,2,2,3
976,3,3,5
976,4,3,4
976,5,1,4
976,6,3,5
976,7,5,8
976,8,0,1
976,9,1,2
976,10,0,2
976,11,5,6
976,12,1,2
976,13,2,5
977,0,3,6
977,1,4,6
977,2,0,3
977,3,4,6
977,4,2,3
977,5,5,6
977,6,0,2
977,7,6,9
977,8,4,7
977,9,6,7
977,10,6,9
977,11,4,7
978,0,0,2
978,1,3,6
978,2,2,4
978,3,4,7
978,4,6,7
978,5,1,4
978,6,2,3
978,7,6,9
978,8,2,4
978,9,2,3
978,10,0,1
978,11,0,2
978,12,4,5
978,13,6,7
978,14,5,6
978,15,6,9
978,16,0,1
979,0,1,2
979,1,6,9
979,2,3,4
979,3,6,8
979,4,3,6
979,5,1,3
979,6,3,5
979,7,3,5
979,8,0,2
979,9,1,2
979,10,6,9
979,11,6,7
979,12,0,1
980,0,4,5
980,1,0,3
980,2,1,2
980,3,6,7
980,4,4,5
980,5,6,8
980,6,4,7
980,7,1,3
980,8,5,7
980,9,5,6
981,0,0,1
981,1,4,5
981,2,6,8
981,3,2,4
981,4,3,6
981,5,6,7
981,6,1,4
981,7,0,2
981,8,4,6
981,9,3,6
982,0,3,4
982,1,3,4
982,2,2,3
982,3,2,3
982,4,3,5
982,5,5,8
982,6,3,6
982,7,6,8
982,8,5,6
982,9,1,4
982,10,2,5
982,11,6,9
982,12,3,4
982,13,5,6
983,0,3,5
983,1,6,7
983,2,6,9
983,3,1,3
983,4,6,8
983,5,6,8
983,6,3,4
984,0,2,4
984,1,5,7
984,2,3,6
984,3,0,1
984,4,0,2
984,5,4,5
984,6,0,3
985,0,1,4
985,1,0,1
985,2,5,7
985,3,4,7
985,4,3,6
985,5,2,4
985,6,5,6
985,7,2,4
985,8,4,5
985,9,2,4
985,10,0,1
985,11,3,6
985,12,3,6
985,13,1,4
985,14,6,8
986,0,3,6
986,1,6,9
986,2,6,9
986,3,6,8
986,4,2,3
986,5,2,4
986,6,0,1
986,7,1,2
986,8,1,3
986,9,5,8
986,10,4,7
987,0,4,6
987,1,6,9
987,2,4,5
987,3,0,1
987,4,6,8
987,5,3,5
987,6,0,2
987,7,3,6
987,8,4,5
988,0,2,3
988,1,5,8
988,2,2,4
988,3,2,5
988,4,1,4
988,5,5,7
988,6,4,5
988,7,5,7
988,8,5,6
988,9,1,4
988,10,6,7
988,11,5,8
988,12,1,3
988,13,4,6
989,0,4,7
989,1,4,6
989,2,6,8
989,3,4,7
989,4,1,3
989,5,5,8
989,6,5,8
989,7,2,3
989,8,4,6
990,0,4,6
990,1,0,3
990,2,2,4
990,3,2,4
991,0,0,1
991,1,5,7
991,2,1,2
991,3,3,6
991,4,4,6
991,5,5,8
991,6,1,4
991,7,4,6
992,0,5,6
992,1,6,7
992,2,6,9
992,3,3,4
992,4,2,5
992,5,4,7
992,6,2,5
992,7,0,1
993,0,4,7
993,1,5,7
993,2,3,5
993,3,3,6
994,0,5,8
994,1,6,9
994,2,4,7
994,3,5,6
994,4,3,6
994,5,1,2
994,6,2,5
994,7,5,6
994,8,3,6
994,9,5,6
994,10,4,6
994,11,1,2
994,12,5,7
994,13,5,7
994,14,6,9
995,0,5,6
995,1,1,3
995,2,5,7
995,3,6,7
995,4,5,6
995,5,0,1
995,6,4,6
995,7,5,8
995,8,0,1
995,9,3,4
995,10,1,4
995,11,0,2
995,12,0,3
995,13,5,8
995,14,0,3
995,15,3,5
996,0,5,6
996,1,2,3
996,2,6,8
996,3,4,5
996,4,3,6
996,5,3,5
996,6,3,5
996,7,6,8
996,8,2,4
996,9,5,6
996,10,5,8
996,11,4,6
996,12,4,6
996,13,0,2
996,14,5,7
996,15,3,6
996,16,3,5
996,17,5,6
997,0,2,5
997,1,2,5
997,2,6,7
997,3,6,9
997,4,5,6
997,5,1,2
997,6,5,8
997,7,3,6
997,8,2,4
997,9,2,5
997,10,2,3
997,11,1,2
997,12,4,7
997,13,4,5
997,14,1,4
997,15,0,3
998,0,0,1
998,1,1,3
998,2,3,4
998,3,3,4
998,4,3,5
998,5,1,4
998,6,5,8
998,7,1,3
998,8,2,5
999,0,1,2
999,1,5,7
999,2,5,8
999,3,4,6
999,4,2,5
999,5,2,4
999,6,4,7
999,7,1,3
999,8,6,8
999,9,1,2
